Round,Timestamp,AI_X,AI_Y,Human_X,Human_Y,AI_Holding_Dish,Human_Holding_Dish,Action_AI,Action_Human,Score_Count
1,0.200,1,3,3,1,False,False,UNKNOWN,STAY,0
1,0.400,1,3,3,1,False,False,UNKNOWN,STAY,0
1,0.600,1,3,3,1,False,False,UNKNOWN,STAY,0
1,0.800,1,3,3,1,False,False,UNKNOWN,STAY,0
1,1.000,1,3,3,1,False,False,DOWN,STAY,0
1,1.200,2,3,3,1,False,False,UNKNOWN,STAY,0
1,1.400,3,3,3,1,False,False,DOWN,STAY,0
1,1.600,3,2,3,1,False,False,DOWN,STAY,0
1,1.800,3,2,3,1,False,False,DOWN,STAY,0
1,2.000,3,2,3,1,False,False,DOWN,STAY,0
1,2.200,3,2,3,1,False,False,UNKNOWN,STAY,0
1,2.400,3,3,3,1,False,False,DOWN,STAY,0
1,2.600,2,3,3,1,False,False,UNKNOWN,STAY,0
1,2.800,1,3,3,1,False,False,UNKNOWN,STAY,0
1,3.000,1,3,3,1,False,False,UNKNOWN,LEFT,0
1,3.200,1,3,3,1,False,False,UNKNOWN,STAY,0
1,3.400,1,3,3,1,False,False,DOWN,STAY,0
1,3.600,1,3,3,1,False,False,DOWN,STAY,0
1,3.800,1,3,3,1,False,False,UP,STAY,0
1,4.000,1,3,3,1,False,False,UNKNOWN,STAY,0
1,4.200,1,3,3,1,False,False,UNKNOWN,STAY,0
1,4.400,1,3,3,1,False,False,UNKNOWN,STAY,0
1,4.600,1,3,3,1,False,False,UNKNOWN,STAY,0
1,4.800,1,3,3,1,False,False,DOWN,STAY,0
1,5.000,1,3,3,1,False,False,UNKNOWN,STAY,0
1,5.200,1,3,3,1,False,False,DOWN,STAY,0
1,5.400,1,3,3,1,False,False,UNKNOWN,STAY,0
1,5.600,1,3,3,1,False,False,UNKNOWN,STAY,0
1,5.800,1,3,3,1,False,False,UNKNOWN,STAY,0
1,6.000,1,3,3,1,False,False,UP,STAY,0
1,6.200,1,3,3,1,False,False,UNKNOWN,STAY,0
1,6.400,1,3,3,1,False,False,UNKNOWN,STAY,0
1,6.600,1,3,3,1,False,False,UNKNOWN,UP,0
1,6.800,1,3,2,1,False,False,DOWN,UP,0
1,7.000,1,3,1,1,False,False,UNKNOWN,STAY,0
1,7.200,1,3,1,1,False,False,DOWN,STAY,0
1,7.400,1,3,1,1,False,False,UNKNOWN,STAY,0
1,7.600,1,3,1,1,False,False,UNKNOWN,STAY,0
1,7.800,1,3,1,1,False,False,UNKNOWN,STAY,0
1,8.000,1,3,1,1,False,False,UP,STAY,0
1,8.200,1,3,1,1,False,False,UNKNOWN,STAY,0
1,8.400,1,3,1,1,False,False,DOWN,STAY,0
1,8.600,1,3,1,1,False,False,DOWN,RIGHT,0
1,8.800,1,3,1,2,False,False,DOWN,STAY,0
1,9.000,1,3,1,2,False,False,UNKNOWN,RIGHT,0
1,9.200,1,3,1,2,False,False,UNKNOWN,STAY,0
1,9.400,1,3,1,2,False,False,DOWN,STAY,0
1,9.600,1,3,1,2,False,False,UNKNOWN,STAY,0
1,9.800,1,3,1,2,False,False,UNKNOWN,STAY,0
1,10.000,1,3,1,2,False,False,DOWN,STAY,0
1,10.200,1,3,1,2,False,False,UNKNOWN,STAY,0
1,10.400,1,3,1,2,False,False,UNKNOWN,STAY,0
1,10.600,1,3,1,2,False,False,DOWN,STAY,0
1,10.800,1,3,1,2,False,False,UNKNOWN,STAY,0
1,11.000,1,3,1,2,False,False,UNKNOWN,STAY,0
1,11.200,1,3,1,2,False,False,UNKNOWN,STAY,0
1,11.400,1,3,1,2,False,False,UNKNOWN,STAY,0
1,11.600,1,3,1,2,False,False,DOWN,RIGHT,0
1,11.800,1,3,1,2,False,False,UNKNOWN,STAY,0
1,12.000,1,3,1,2,False,False,UNKNOWN,STAY,0
1,12.200,1,3,1,2,False,False,UNKNOWN,STAY,0
1,12.400,1,3,1,2,False,False,DOWN,STAY,0
1,12.600,1,3,1,2,False,False,UNKNOWN,STAY,0
1,12.800,1,3,1,2,False,False,UNKNOWN,STAY,0
1,13.000,1,3,1,2,False,False,UNKNOWN,STAY,0
1,13.200,1,3,1,2,False,False,UNKNOWN,STAY,0
1,13.400,1,3,1,2,False,False,DOWN,STAY,0
1,13.600,1,3,1,2,False,False,UNKNOWN,STAY,0
1,13.800,1,3,1,2,False,False,UNKNOWN,STAY,0
1,14.000,1,3,1,2,False,False,DOWN,STAY,0
1,14.200,1,3,1,2,False,False,UNKNOWN,STAY,0
1,14.400,1,3,1,2,False,False,UNKNOWN,STAY,0
1,14.600,1,3,1,2,False,False,UNKNOWN,STAY,0
1,14.800,1,3,1,2,False,False,DOWN,LEFT,0
1,15.000,1,3,1,1,False,False,UNKNOWN,STAY,0
1,15.200,1,3,1,1,False,False,DOWN,STAY,0
1,15.400,1,3,1,1,False,False,UNKNOWN,STAY,0
1,15.600,1,3,1,1,False,False,DOWN,STAY,0
1,15.800,1,3,1,1,False,False,UNKNOWN,STAY,0
1,16.000,1,3,1,1,False,False,UNKNOWN,DOWN,0
1,16.201,1,3,2,1,False,False,UNKNOWN,DOWN,0
1,16.401,1,3,3,1,False,False,DOWN,DOWN,0
1,16.601,1,3,3,1,False,False,UNKNOWN,STAY,0
1,16.801,1,3,3,1,False,False,DOWN,STAY,0
1,17.001,1,3,3,1,False,False,DOWN,DOWN,0
1,17.201,1,3,3,1,False,False,DOWN,STAY,0
1,17.401,1,3,3,1,False,False,DOWN,DOWN,0
1,17.601,1,3,3,1,False,False,UNKNOWN,STAY,0
1,17.801,1,3,3,1,False,False,UNKNOWN,STAY,0
1,18.001,1,3,3,1,False,False,DOWN,RIGHT,0
1,18.201,1,3,3,2,False,False,DOWN,RIGHT,0
1,18.401,1,3,3,3,False,False,DOWN,RIGHT,0
1,18.601,1,3,3,3,False,False,UNKNOWN,STAY,0
1,18.801,1,3,3,3,False,False,UNKNOWN,STAY,0
1,19.001,1,3,3,3,False,False,UNKNOWN,STAY,0
1,19.201,1,3,3,3,False,False,UNKNOWN,STAY,0
1,19.401,1,3,3,3,False,False,UNKNOWN,STAY,0
1,19.601,1,3,3,3,False,False,UP,STAY,0
1,19.801,1,3,3,3,False,False,UNKNOWN,STAY,0
1,20.001,1,3,3,3,False,False,UNKNOWN,STAY,0
1,20.201,1,3,3,3,False,False,UNKNOWN,STAY,0
1,20.401,1,3,3,3,False,False,UNKNOWN,STAY,0
1,20.601,1,3,3,3,False,False,UNKNOWN,STAY,0
1,20.801,1,3,3,3,False,False,UNKNOWN,STAY,0
1,21.001,1,3,3,3,False,False,UNKNOWN,STAY,0
1,21.201,1,3,3,3,False,False,UNKNOWN,STAY,0
1,21.401,1,3,3,3,False,False,DOWN,STAY,0
1,21.601,2,3,3,3,False,False,DOWN,STAY,0
1,21.801,2,3,3,3,False,False,DOWN,RIGHT,0
1,22.001,2,3,3,3,False,False,DOWN,STAY,0
1,22.201,2,3,3,3,False,False,UNKNOWN,STAY,0
1,22.401,2,3,3,3,False,False,DOWN,STAY,0
1,22.601,2,3,3,3,False,False,UNKNOWN,STAY,0
1,22.801,2,3,3,3,False,False,DOWN,STAY,0
1,23.001,2,3,3,3,False,False,UNKNOWN,STAY,0
1,23.201,1,3,3,3,False,False,UNKNOWN,STAY,0
1,23.401,1,3,3,3,False,False,UNKNOWN,STAY,0
1,23.601,1,3,3,3,False,False,UNKNOWN,STAY,0
1,23.801,1,3,3,3,False,False,UP,STAY,0
1,24.001,1,3,3,3,False,False,UNKNOWN,STAY,0
1,24.201,1,3,3,3,False,False,UNKNOWN,STAY,0
1,24.401,1,3,3,3,False,False,UNKNOWN,STAY,0
1,24.601,1,3,3,3,False,False,DOWN,STAY,0
1,24.801,1,3,3,3,False,False,UNKNOWN,UP,0
1,25.001,1,3,2,3,False,False,DOWN,STAY,0
1,25.201,1,3,2,3,False,False,UNKNOWN,STAY,0
1,25.401,1,3,2,3,False,False,DOWN,STAY,0
1,25.601,1,3,2,3,False,False,UNKNOWN,RIGHT,0
1,25.801,1,3,2,3,False,False,UNKNOWN,STAY,0
1,26.001,1,3,2,3,False,False,UNKNOWN,STAY,0
1,26.201,1,3,2,3,False,False,UNKNOWN,STAY,0
1,26.401,1,3,2,3,False,False,UNKNOWN,STAY,0
1,26.601,1,3,2,3,False,False,UNKNOWN,STAY,0
1,26.801,1,3,2,3,False,False,UNKNOWN,RIGHT,0
1,27.001,1,3,2,3,False,False,DOWN,STAY,0
1,27.201,1,3,2,3,False,False,UNKNOWN,STAY,0
1,27.401,1,3,2,3,False,False,UNKNOWN,STAY,0
1,27.601,1,3,2,3,False,False,DOWN,STAY,0
1,27.801,1,3,2,3,False,False,DOWN,STAY,0
1,28.001,1,3,2,3,False,False,UNKNOWN,RIGHT,0
1,28.201,1,3,2,3,False,False,DOWN,RIGHT,0
1,28.401,1,3,2,3,False,False,UNKNOWN,RIGHT,0
1,28.601,1,3,2,3,False,False,UP,STAY,0
1,28.801,1,3,2,3,False,False,UNKNOWN,STAY,0
1,29.001,1,3,2,3,False,False,UNKNOWN,STAY,0
1,29.201,1,3,2,3,False,False,UNKNOWN,STAY,0
1,29.401,1,3,2,3,False,False,UNKNOWN,STAY,0
1,29.601,1,3,2,3,False,False,UNKNOWN,STAY,0
1,29.801,1,3,2,3,False,False,DOWN,STAY,0
1,30.001,1,3,2,3,False,False,UNKNOWN,STAY,0
1,30.201,1,3,2,3,False,False,UNKNOWN,DOWN,0
1,30.401,1,3,3,3,False,False,UNKNOWN,STAY,0
1,30.601,1,3,3,3,False,False,DOWN,STAY,0
1,30.801,1,3,3,3,False,False,UNKNOWN,STAY,0
1,31.001,1,3,3,3,False,False,UNKNOWN,STAY,0
1,31.201,1,3,3,3,False,False,UNKNOWN,LEFT,0
1,31.401,1,3,3,2,False,False,UNKNOWN,STAY,0
1,31.601,1,3,3,2,False,False,UNKNOWN,STAY,0
1,31.801,1,3,3,2,False,False,DOWN,STAY,0
1,32.001,1,3,3,2,False,False,UNKNOWN,STAY,0
1,32.201,1,3,3,2,False,False,UNKNOWN,STAY,0
1,32.401,1,3,3,2,False,False,UNKNOWN,LEFT,0
1,32.601,1,3,3,1,False,False,DOWN,STAY,0
1,32.801,1,3,3,1,False,False,UNKNOWN,LEFT,0
1,33.001,1,3,3,1,False,False,UNKNOWN,STAY,0
1,33.201,1,3,3,1,False,False,DOWN,STAY,0
1,33.401,2,3,3,1,False,False,DOWN,STAY,0
1,33.601,3,3,3,1,False,False,DOWN,STAY,0
1,33.801,3,2,3,1,False,False,UNKNOWN,STAY,0
1,34.001,3,2,3,1,False,False,DOWN,STAY,0
1,34.201,3,2,3,1,False,False,UNKNOWN,LEFT,0
1,34.401,3,3,3,1,False,False,DOWN,STAY,0
1,34.601,2,3,3,1,False,False,DOWN,STAY,0
1,34.801,1,3,3,1,False,False,UNKNOWN,STAY,0
1,35.001,1,3,3,1,False,False,UNKNOWN,STAY,0
1,35.201,1,3,3,1,False,False,DOWN,STAY,0
1,35.401,1,3,3,1,False,False,UNKNOWN,STAY,0
1,35.601,1,3,3,1,False,False,DOWN,STAY,0
1,35.801,1,3,3,1,False,False,UNKNOWN,STAY,0
1,36.001,1,3,3,1,False,False,UNKNOWN,STAY,0
1,36.201,1,3,3,1,False,False,UNKNOWN,STAY,0
1,36.401,1,3,3,1,False,False,DOWN,STAY,0
1,36.601,1,3,3,1,False,False,UNKNOWN,STAY,0
1,36.801,1,3,3,1,False,False,DOWN,STAY,0
1,37.001,1,3,3,1,False,False,UNKNOWN,STAY,0
1,37.201,1,3,3,1,False,False,DOWN,STAY,0
1,37.401,1,3,3,1,False,False,DOWN,STAY,0
1,37.601,1,3,3,1,False,False,UNKNOWN,STAY,0
1,37.801,1,3,3,1,False,False,DOWN,STAY,0
1,38.001,1,3,3,1,False,False,UNKNOWN,STAY,0
1,38.201,1,3,3,1,False,False,UNKNOWN,UP,0
1,38.401,1,3,2,1,False,False,UNKNOWN,STAY,0
1,38.601,1,3,2,1,False,False,UNKNOWN,UP,0
1,38.801,1,3,1,1,False,False,DOWN,UP,0
1,39.001,1,3,1,1,False,False,UNKNOWN,STAY,0
1,39.201,1,3,1,1,False,False,UNKNOWN,STAY,0
1,39.401,1,3,1,1,False,False,DOWN,STAY,0
1,39.601,1,2,1,1,False,False,UNKNOWN,STAY,0
1,39.801,1,2,1,1,False,False,DOWN,STAY,0
1,40.001,1,2,1,1,False,False,UNKNOWN,STAY,0
1,40.201,1,2,1,1,False,False,UNKNOWN,STAY,0
1,40.401,1,2,1,1,False,False,UNKNOWN,STAY,0
1,40.601,1,2,1,1,False,False,UNKNOWN,STAY,0
1,40.801,1,2,1,1,False,False,UNKNOWN,STAY,0
1,41.001,1,2,1,1,False,False,UNKNOWN,STAY,0
1,41.201,1,2,1,1,False,False,UNKNOWN,STAY,0
1,41.401,1,3,1,1,False,False,UNKNOWN,DOWN,0
1,41.601,1,3,2,1,False,False,DOWN,STAY,0
1,41.801,1,2,2,1,False,False,UNKNOWN,DOWN,0
1,42.001,1,1,3,1,False,False,UNKNOWN,DOWN,0
1,42.201,1,1,3,1,False,False,UNKNOWN,STAY,0
1,42.401,1,2,3,1,False,False,UNKNOWN,STAY,0
1,42.601,1,3,3,1,False,False,UNKNOWN,STAY,0
1,42.801,1,3,3,1,False,False,UNKNOWN,STAY,0
1,43.001,1,3,3,1,False,False,UP,STAY,0
1,43.201,1,3,3,1,False,False,UNKNOWN,STAY,0
1,43.401,1,3,3,1,True,False,UNKNOWN,STAY,0
1,43.601,2,3,3,1,True,False,UNKNOWN,STAY,0
1,43.801,3,3,3,1,True,False,UNKNOWN,STAY,0
1,44.001,3,2,3,1,True,False,UNKNOWN,STAY,0
1,44.201,3,2,3,1,False,False,DOWN,STAY,1
1,44.401,3,2,3,1,False,False,UNKNOWN,STAY,1
1,44.601,3,3,3,1,False,False,DOWN,STAY,1
1,44.801,2,3,3,1,False,False,UNKNOWN,STAY,1
2,0.200,1,3,3,1,False,False,UNKNOWN,UP,0
2,0.400,1,3,2,1,False,False,UNKNOWN,STAY,0
2,0.600,1,3,2,1,False,False,UNKNOWN,UP,0
2,0.800,1,3,1,1,False,False,UNKNOWN,STAY,0
2,1.000,1,3,1,1,False,False,DOWN,STAY,0
2,1.200,2,3,1,1,False,False,DOWN,STAY,0
2,1.400,3,3,1,1,False,False,DOWN,STAY,0
2,1.600,3,2,1,1,False,False,DOWN,STAY,0
2,1.800,3,1,1,1,False,False,DOWN,STAY,0
2,2.000,3,1,1,1,False,False,UNKNOWN,STAY,0
2,2.200,2,1,1,1,False,False,UNKNOWN,STAY,0
2,2.400,2,1,1,1,False,False,UNKNOWN,STAY,0
2,2.600,2,1,1,1,False,False,UNKNOWN,STAY,0
2,2.800,2,1,1,1,False,False,UNKNOWN,STAY,0
2,3.000,2,1,1,1,False,False,UNKNOWN,STAY,0
2,3.200,2,1,1,1,False,False,UNKNOWN,STAY,0
2,3.400,2,1,1,1,False,False,UNKNOWN,STAY,0
2,3.600,2,1,1,1,False,False,UNKNOWN,STAY,0
2,3.800,2,1,1,1,False,False,UP,STAY,0
2,4.000,2,1,1,1,False,False,UNKNOWN,STAY,0
2,4.200,2,1,1,1,False,False,UNKNOWN,STAY,0
2,4.400,2,1,1,1,False,False,UNKNOWN,STAY,0
2,4.600,2,1,1,1,False,False,UNKNOWN,STAY,0
2,4.800,2,1,1,1,False,False,UNKNOWN,STAY,0
2,5.000,2,1,1,1,False,False,UNKNOWN,STAY,0
2,5.200,2,1,1,1,False,False,UNKNOWN,RIGHT,0
2,5.400,1,1,1,2,False,False,UNKNOWN,RIGHT,0
2,5.600,1,2,1,3,False,False,UNKNOWN,STAY,0
2,5.800,1,2,1,3,False,False,UNKNOWN,STAY,0
2,6.000,1,2,1,3,False,False,UP,STAY,0
2,6.200,1,2,1,3,False,False,UNKNOWN,RIGHT,0
2,6.400,1,2,1,3,False,False,UNKNOWN,STAY,0
2,6.600,1,2,1,3,False,False,UNKNOWN,STAY,0
2,6.800,1,2,1,3,False,False,UNKNOWN,STAY,0
2,7.000,1,2,1,3,False,False,UNKNOWN,STAY,0
2,7.200,1,2,1,3,False,False,UNKNOWN,STAY,0
2,7.400,1,2,1,3,False,False,UNKNOWN,STAY,0
2,7.600,1,2,1,3,False,False,UNKNOWN,STAY,0
2,7.800,1,2,1,3,False,False,UNKNOWN,STAY,0
2,8.000,1,2,1,3,False,False,UNKNOWN,STAY,0
2,8.200,1,2,1,3,False,False,UNKNOWN,LEFT,0
2,8.400,1,2,1,3,False,False,UNKNOWN,STAY,0
2,8.713,1,2,1,3,False,False,UNKNOWN,STAY,0
2,8.913,1,2,1,3,False,False,UNKNOWN,DOWN,0
2,9.113,1,3,2,3,False,False,UNKNOWN,DOWN,0
2,9.313,1,3,3,3,False,False,UNKNOWN,STAY,0
2,9.513,1,3,3,3,False,False,UP,STAY,0
2,9.713,1,3,3,3,False,False,UP,STAY,0
2,9.913,1,3,3,3,False,False,DOWN,STAY,0
2,10.113,1,3,3,3,False,False,UP,LEFT,0
2,10.313,1,3,3,2,False,False,UP,STAY,0
2,10.513,1,3,3,2,False,False,UP,LEFT,0
2,10.713,1,3,3,1,False,False,UP,STAY,0
2,10.913,1,3,3,1,False,False,UP,STAY,0
2,11.113,1,3,3,1,False,False,UP,STAY,0
2,11.313,1,3,3,1,False,False,UP,DOWN,0
2,11.513,1,3,3,1,False,False,UP,STAY,0
2,11.713,1,3,3,1,False,False,UP,STAY,0
2,11.913,1,3,3,1,False,False,UP,STAY,0
2,12.113,1,3,3,1,False,False,UP,STAY,0
2,12.313,1,3,3,1,False,False,UP,UP,0
2,12.513,1,3,2,1,False,False,UP,STAY,0
2,12.713,1,3,2,1,False,False,UP,STAY,0
2,12.913,1,3,2,1,False,False,UNKNOWN,STAY,0
2,13.113,1,3,2,1,False,False,UP,STAY,0
2,13.313,1,3,2,1,False,False,UP,STAY,0
2,13.513,1,3,2,1,False,False,UP,UP,0
2,13.713,1,3,1,1,False,False,UP,UP,0
2,13.913,1,3,1,1,False,False,UP,STAY,0
2,14.113,1,2,1,1,False,False,UP,STAY,0
2,14.313,1,2,1,1,False,False,UP,STAY,0
2,14.513,1,2,1,1,False,False,UP,STAY,0
2,14.713,1,2,1,1,False,False,UNKNOWN,DOWN,0
2,14.913,1,2,2,1,False,False,UP,STAY,0
2,15.113,1,1,2,1,False,False,UNKNOWN,DOWN,0
2,15.313,1,1,3,1,False,False,UNKNOWN,DOWN,0
2,15.513,1,1,3,1,True,False,UNKNOWN,STAY,0
2,15.713,2,1,3,1,True,False,UNKNOWN,STAY,0
2,15.913,2,1,3,1,True,False,UNKNOWN,STAY,0
2,16.113,2,1,3,1,True,False,UNKNOWN,STAY,0
2,16.313,2,1,3,1,True,False,UNKNOWN,STAY,0
2,16.513,2,1,3,1,True,False,UNKNOWN,RIGHT,0
2,16.713,3,1,3,2,True,False,UNKNOWN,STAY,0
2,16.913,3,1,3,2,True,False,UNKNOWN,STAY,0
2,17.113,3,1,3,2,True,False,UNKNOWN,RIGHT,0
2,17.313,3,2,3,3,True,False,UNKNOWN,RIGHT,0
2,17.513,3,2,3,3,False,False,DOWN,STAY,1
2,17.713,3,1,3,3,False,False,DOWN,STAY,1
2,17.913,3,1,3,3,False,False,UNKNOWN,STAY,1
2,18.113,2,1,3,3,False,False,UNKNOWN,STAY,1
2,18.313,1,1,3,3,False,False,UNKNOWN,STAY,1
2,18.513,1,2,3,3,False,False,UNKNOWN,RIGHT,1
2,18.713,1,3,3,3,False,False,UNKNOWN,STAY,1
2,18.903,1,3,3,3,False,False,UNKNOWN,STAY,1
2,19.115,1,3,3,3,False,False,DOWN,STAY,1
2,19.315,1,3,3,3,False,False,UP,STAY,1
2,19.515,1,3,3,3,False,False,UNKNOWN,STAY,1
2,19.852,1,3,3,3,True,False,UNKNOWN,STAY,1
2,20.052,2,3,3,3,True,False,UNKNOWN,STAY,1
2,20.252,2,3,3,3,True,False,UNKNOWN,STAY,1
2,20.452,2,3,3,3,True,False,UNKNOWN,STAY,1
2,20.652,2,3,3,3,True,False,UNKNOWN,STAY,1
2,20.852,2,3,3,3,True,False,UNKNOWN,STAY,1
2,21.052,2,3,3,3,True,False,UNKNOWN,STAY,1
2,21.252,2,3,3,3,True,False,UNKNOWN,STAY,1
2,21.452,2,3,3,3,True,False,UNKNOWN,STAY,1
2,21.652,2,3,3,3,True,False,UNKNOWN,STAY,1
2,21.852,2,3,3,3,True,False,UNKNOWN,STAY,1
2,22.052,2,3,3,3,True,False,UNKNOWN,STAY,1
2,22.252,2,3,3,3,True,False,UNKNOWN,STAY,1
2,22.452,2,3,3,3,True,False,UNKNOWN,LEFT,1
2,22.652,3,3,3,2,True,False,UNKNOWN,STAY,1
2,22.852,3,3,3,2,True,False,UNKNOWN,STAY,1
2,23.052,3,3,3,2,True,False,UNKNOWN,LEFT,1
2,23.364,3,2,3,1,True,False,UNKNOWN,LEFT,1
2,23.566,3,2,3,1,False,False,DOWN,STAY,2
2,23.766,3,2,3,1,False,False,DOWN,STAY,2
2,23.966,3,2,3,1,False,False,UNKNOWN,STAY,2
2,24.166,3,2,3,1,False,False,UNKNOWN,STAY,2
2,24.366,3,2,3,1,False,False,UNKNOWN,STAY,2
2,24.566,3,2,3,1,False,False,UNKNOWN,STAY,2
2,24.766,3,3,3,1,False,False,DOWN,STAY,2
2,24.966,2,3,3,1,False,False,DOWN,STAY,2
2,25.166,1,3,3,1,False,False,DOWN,LEFT,2
2,25.366,1,3,3,1,False,False,DOWN,STAY,2
2,25.566,2,3,3,1,False,False,DOWN,STAY,2
2,25.766,3,3,3,1,False,False,DOWN,STAY,2
2,25.966,3,2,3,1,False,False,UNKNOWN,UP,2
2,26.166,3,1,2,1,False,False,UNKNOWN,STAY,2
2,26.366,3,2,2,1,False,False,DOWN,STAY,2
2,26.566,3,3,2,1,False,False,DOWN,UP,2
2,26.767,2,3,1,1,False,False,DOWN,STAY,2
2,26.967,1,3,1,1,False,False,UNKNOWN,STAY,2
2,27.167,1,3,1,1,False,False,DOWN,STAY,2
2,27.367,2,3,1,1,False,False,DOWN,STAY,2
2,27.567,3,3,1,1,False,False,DOWN,RIGHT,2
2,27.767,3,2,1,2,False,False,DOWN,STAY,2
2,27.967,3,1,1,2,False,False,DOWN,RIGHT,2
2,28.167,3,1,1,3,False,False,UNKNOWN,STAY,2
2,28.367,2,1,1,3,False,False,UNKNOWN,STAY,2
2,28.567,1,1,1,3,False,False,UNKNOWN,STAY,2
2,28.767,1,2,1,3,False,False,UNKNOWN,STAY,2
2,28.967,1,2,1,3,False,False,UNKNOWN,STAY,2
2,29.167,1,2,1,3,False,False,UNKNOWN,STAY,2
2,29.367,1,2,1,3,False,False,UNKNOWN,STAY,2
2,29.567,1,2,1,3,False,False,UNKNOWN,UP,2
2,29.767,1,2,1,3,False,False,UNKNOWN,STAY,2
2,29.967,1,2,1,3,False,False,UNKNOWN,STAY,2
2,30.167,1,2,1,3,False,False,DOWN,STAY,2
2,30.367,1,2,1,3,False,False,UNKNOWN,STAY,2
2,30.567,1,2,1,3,False,False,UNKNOWN,STAY,2
2,30.767,1,2,1,3,False,False,UNKNOWN,STAY,2
2,30.967,1,2,1,3,False,False,UNKNOWN,STAY,2
2,31.167,1,2,1,3,False,False,UNKNOWN,STAY,2
2,31.367,1,2,1,3,False,False,UNKNOWN,STAY,2
2,31.567,1,2,1,3,False,False,UNKNOWN,STAY,2
2,31.767,1,2,1,3,False,False,UNKNOWN,STAY,2
2,31.967,1,2,1,3,False,False,UNKNOWN,STAY,2
2,32.167,1,2,1,3,False,False,DOWN,STAY,2
2,32.367,1,2,1,3,False,False,UNKNOWN,STAY,2
2,32.567,1,2,1,3,False,False,UNKNOWN,STAY,2
2,32.767,1,2,1,3,False,False,UNKNOWN,STAY,2
2,32.967,1,2,1,3,False,False,UNKNOWN,STAY,2
2,33.167,1,1,1,3,False,False,UNKNOWN,STAY,2
2,33.367,1,2,1,3,False,False,UNKNOWN,STAY,2
2,33.567,1,2,1,3,False,False,DOWN,STAY,2
2,33.767,1,2,1,3,False,False,UNKNOWN,STAY,2
2,33.967,1,2,1,3,False,False,UNKNOWN,UP,2
2,34.167,1,2,1,3,False,False,UNKNOWN,STAY,2
2,34.367,1,1,1,3,False,False,UNKNOWN,STAY,2
2,34.567,1,1,1,3,False,False,UNKNOWN,STAY,2
2,34.767,1,2,1,3,False,False,UNKNOWN,UP,2
2,34.967,1,2,1,3,False,False,UNKNOWN,STAY,2
2,35.167,1,2,1,3,False,False,UNKNOWN,STAY,2
2,35.367,1,2,1,3,False,False,UNKNOWN,STAY,2
2,35.567,1,2,1,3,False,False,UNKNOWN,STAY,2
2,35.767,1,2,1,3,False,False,UNKNOWN,STAY,2
2,35.967,1,2,1,3,False,False,UNKNOWN,RIGHT,2
2,36.167,1,2,1,3,False,False,UNKNOWN,STAY,2
2,36.367,1,2,1,3,False,False,UNKNOWN,STAY,2
2,36.567,1,2,1,3,False,False,UNKNOWN,STAY,2
2,36.767,1,2,1,3,False,False,DOWN,STAY,2
2,36.967,1,2,1,3,False,False,UNKNOWN,STAY,2
2,37.167,1,1,1,3,False,False,UNKNOWN,STAY,2
2,37.367,2,1,1,3,False,False,UNKNOWN,STAY,2
2,37.567,3,1,1,3,False,False,UNKNOWN,STAY,2
2,37.767,3,2,1,3,False,False,UNKNOWN,STAY,2
2,37.967,3,2,1,3,False,False,UNKNOWN,STAY,2
2,38.167,3,2,1,3,False,False,DOWN,STAY,2
2,38.367,3,1,1,3,False,False,DOWN,STAY,2
2,38.567,3,1,1,3,False,False,UNKNOWN,STAY,2
2,38.767,2,1,1,3,False,False,UNKNOWN,STAY,2
2,38.967,1,1,1,3,False,False,UNKNOWN,STAY,2
2,39.167,1,1,1,3,False,False,DOWN,LEFT,2
2,39.367,1,1,1,2,False,False,UNKNOWN,STAY,2
2,39.567,1,1,1,2,False,False,UNKNOWN,STAY,2
2,39.767,1,1,1,2,False,False,UNKNOWN,STAY,2
2,39.967,1,1,1,2,False,False,UNKNOWN,STAY,2
2,40.167,1,1,1,2,False,False,UNKNOWN,STAY,2
2,40.367,1,1,1,2,False,False,UNKNOWN,STAY,2
2,40.567,1,1,1,2,False,False,UNKNOWN,STAY,2
2,40.767,1,1,1,2,False,False,UNKNOWN,RIGHT,2
2,40.967,1,2,1,3,False,False,UNKNOWN,STAY,2
2,41.167,1,2,1,3,False,False,UNKNOWN,RIGHT,2
2,41.367,1,2,1,3,False,True,DOWN,STAY,2
2,41.567,1,2,1,3,False,True,UNKNOWN,STAY,2
2,41.767,1,2,1,3,False,True,UNKNOWN,STAY,2
2,41.967,1,2,1,3,False,True,DOWN,STAY,2
2,42.167,1,2,1,3,False,True,UNKNOWN,STAY,2
2,42.367,1,2,1,3,False,True,UNKNOWN,RIGHT,2
2,42.567,1,2,1,3,False,False,UNKNOWN,STAY,3
2,42.767,1,2,1,3,False,False,UNKNOWN,STAY,3
2,42.967,1,2,1,3,False,False,UP,DOWN,3
2,43.167,1,3,2,3,False,False,DOWN,STAY,3
2,43.367,1,3,2,3,False,False,UP,DOWN,3
2,43.567,1,3,3,3,False,False,UP,DOWN,3
2,43.767,1,3,3,3,False,False,UNKNOWN,STAY,3
2,43.967,1,2,3,3,False,False,UNKNOWN,STAY,3
2,44.167,1,2,3,3,False,False,UNKNOWN,STAY,3
2,44.367,1,2,3,3,False,False,UNKNOWN,STAY,3
2,44.567,1,3,3,3,False,False,DOWN,UP,3
2,44.767,1,3,2,3,False,False,DOWN,UP,3
2,44.967,1,3,2,3,False,False,UNKNOWN,STAY,3
3,0.200,1,3,3,1,False,False,UNKNOWN,STAY,0
3,0.400,1,3,3,1,False,False,UNKNOWN,STAY,0
3,0.600,1,3,3,1,False,False,UNKNOWN,STAY,0
3,0.800,1,3,3,1,False,False,UNKNOWN,STAY,0
3,1.000,1,3,3,1,False,False,DOWN,STAY,0
3,1.200,2,3,3,1,False,False,UNKNOWN,STAY,0
3,1.400,3,3,3,1,False,False,DOWN,STAY,0
3,1.600,3,2,3,1,False,False,DOWN,STAY,0
3,1.800,3,2,3,1,False,False,DOWN,LEFT,0
3,2.000,3,2,3,1,False,False,DOWN,STAY,0
3,2.200,3,2,3,1,False,False,UNKNOWN,STAY,0
3,2.400,3,3,3,1,False,False,DOWN,STAY,0
3,2.600,2,3,3,1,False,False,UNKNOWN,UP,0
3,2.800,1,3,2,1,False,False,UNKNOWN,STAY,0
3,3.000,1,3,2,1,False,False,UNKNOWN,UP,0
3,3.200,1,3,1,1,False,False,UNKNOWN,STAY,0
3,3.400,1,3,1,1,False,False,DOWN,STAY,0
3,3.600,1,3,1,1,False,False,DOWN,UP,0
3,3.800,1,3,1,1,False,False,UP,STAY,0
3,4.000,1,3,1,1,False,False,UNKNOWN,STAY,0
3,4.200,1,3,1,1,False,False,UNKNOWN,STAY,0
3,4.400,1,3,1,1,False,False,UNKNOWN,STAY,0
3,4.600,1,3,1,1,False,False,UNKNOWN,STAY,0
3,4.800,1,3,1,1,False,False,DOWN,STAY,0
3,5.000,1,2,1,1,False,False,UNKNOWN,STAY,0
3,5.200,1,2,1,1,False,False,DOWN,DOWN,0
3,5.400,1,1,2,1,False,False,UNKNOWN,STAY,0
3,5.600,1,2,2,1,False,False,UNKNOWN,DOWN,0
3,5.800,1,3,3,1,False,False,UNKNOWN,DOWN,0
3,6.000,1,3,3,1,False,False,UP,STAY,0
3,6.200,1,3,3,1,False,False,UNKNOWN,STAY,0
3,6.400,1,3,3,1,False,False,UNKNOWN,STAY,0
3,6.600,1,3,3,1,False,False,UNKNOWN,STAY,0
3,6.800,1,3,3,1,False,False,DOWN,STAY,0
3,7.000,1,2,3,1,False,False,UNKNOWN,STAY,0
3,7.200,1,1,3,1,False,False,UNKNOWN,RIGHT,0
3,7.400,1,1,3,2,False,False,UNKNOWN,STAY,0
3,7.600,1,2,3,2,False,False,UNKNOWN,STAY,0
3,7.800,1,3,3,2,False,False,UNKNOWN,RIGHT,0
3,8.000,1,3,3,3,False,False,UNKNOWN,STAY,0
3,8.318,1,3,3,3,False,False,UNKNOWN,STAY,0
3,8.518,1,3,3,3,False,False,UP,STAY,0
3,8.718,1,3,3,3,False,False,UNKNOWN,STAY,0
3,8.918,1,3,3,3,True,False,UNKNOWN,STAY,0
3,9.118,2,3,3,3,True,False,UNKNOWN,STAY,0
3,9.318,2,3,3,3,True,False,UNKNOWN,STAY,0
3,9.518,2,3,3,3,True,False,UNKNOWN,STAY,0
3,9.718,2,3,3,3,True,False,UNKNOWN,STAY,0
3,9.918,2,3,3,3,True,False,UNKNOWN,STAY,0
3,10.118,2,3,3,3,True,False,UNKNOWN,STAY,0
3,10.318,2,3,3,3,True,False,UNKNOWN,STAY,0
3,10.518,2,3,3,3,True,False,UNKNOWN,STAY,0
3,10.718,2,3,3,3,True,False,UNKNOWN,LEFT,0
3,10.918,3,3,3,2,True,False,UNKNOWN,STAY,0
3,11.118,3,3,3,2,True,False,UNKNOWN,LEFT,0
3,11.318,3,2,3,1,True,False,UNKNOWN,LEFT,0
3,11.518,3,2,3,1,False,False,DOWN,STAY,1
3,11.718,3,2,3,1,False,False,DOWN,STAY,1
3,11.918,3,2,3,1,False,False,DOWN,STAY,1
3,12.118,3,2,3,1,False,False,DOWN,STAY,1
3,12.318,3,2,3,1,False,False,DOWN,STAY,1
3,12.518,3,2,3,1,False,False,DOWN,STAY,1
3,12.718,3,2,3,1,False,False,UNKNOWN,STAY,1
3,12.918,3,3,3,1,False,False,DOWN,UP,1
3,13.119,3,2,2,1,False,False,DOWN,STAY,1
3,13.319,3,1,2,1,False,False,UNKNOWN,UP,1
3,13.519,3,1,1,1,False,False,UNKNOWN,STAY,1
3,13.719,2,1,1,1,False,False,UNKNOWN,STAY,1
3,13.919,2,1,1,1,False,False,UNKNOWN,STAY,1
3,14.119,2,1,1,1,False,False,UNKNOWN,STAY,1
3,14.319,2,1,1,1,False,False,UNKNOWN,RIGHT,1
3,14.519,1,1,1,2,False,False,UNKNOWN,STAY,1
3,14.719,1,1,1,2,False,False,UNKNOWN,STAY,1
3,14.919,1,1,1,2,False,False,UNKNOWN,RIGHT,1
3,15.119,1,2,1,3,False,False,UNKNOWN,STAY,1
3,15.319,1,2,1,3,False,False,UNKNOWN,STAY,1
3,15.519,1,2,1,3,False,False,UNKNOWN,STAY,1
3,15.719,1,2,1,3,False,False,UNKNOWN,STAY,1
3,15.919,1,2,1,3,False,False,UNKNOWN,STAY,1
3,16.119,1,2,1,3,False,False,UNKNOWN,UP,1
3,16.319,1,1,1,3,False,False,UNKNOWN,STAY,1
3,16.519,1,2,1,3,False,False,UNKNOWN,STAY,1
3,16.719,1,2,1,3,False,False,UNKNOWN,STAY,1
3,16.919,1,2,1,3,False,False,UNKNOWN,STAY,1
3,17.119,1,2,1,3,False,False,DOWN,STAY,1
3,17.319,1,2,1,3,False,False,DOWN,STAY,1
3,17.519,1,2,1,3,False,False,DOWN,UP,1
3,17.719,1,2,1,3,False,False,UNKNOWN,STAY,1
3,17.919,1,2,1,3,False,False,UNKNOWN,STAY,1
3,18.119,1,2,1,3,False,False,UNKNOWN,STAY,1
3,18.319,1,2,1,3,False,False,UNKNOWN,STAY,1
3,18.519,1,2,1,3,False,False,UNKNOWN,DOWN,1
3,18.719,1,3,2,3,False,False,UNKNOWN,STAY,1
3,18.919,1,3,2,3,False,False,UNKNOWN,STAY,1
3,19.119,1,3,2,3,False,False,UNKNOWN,STAY,1
3,19.319,1,3,2,3,False,False,UNKNOWN,STAY,1
3,19.519,1,3,2,3,False,False,UNKNOWN,STAY,1
3,19.719,1,3,2,3,False,False,UNKNOWN,DOWN,1
3,19.919,1,3,3,3,False,False,UNKNOWN,STAY,1
3,20.119,1,3,3,3,False,False,UNKNOWN,DOWN,1
3,20.319,1,3,3,3,False,False,UNKNOWN,STAY,1
3,20.519,1,3,3,3,False,False,UNKNOWN,DOWN,1
3,20.719,1,3,3,3,False,False,UNKNOWN,STAY,1
3,20.919,1,3,3,3,False,False,UNKNOWN,UP,1
3,21.119,1,3,2,3,False,False,UNKNOWN,STAY,1
3,21.319,1,3,2,3,False,False,UNKNOWN,STAY,1
3,21.519,1,3,2,3,False,False,UNKNOWN,STAY,1
3,21.719,1,3,2,3,False,False,UNKNOWN,STAY,1
3,21.919,1,3,2,3,False,False,UNKNOWN,STAY,1
3,22.119,1,3,2,3,False,False,UNKNOWN,LEFT,1
3,22.319,1,3,2,3,False,False,UNKNOWN,STAY,1
3,22.519,1,3,2,3,False,False,DOWN,STAY,1
3,22.719,1,3,2,3,False,False,UNKNOWN,DOWN,1
3,22.919,1,3,3,3,False,False,DOWN,STAY,1
3,23.119,1,3,3,3,False,False,UNKNOWN,LEFT,1
3,23.319,1,3,3,2,False,False,UNKNOWN,STAY,1
3,23.519,1,3,3,2,False,False,UNKNOWN,LEFT,1
3,23.719,1,3,3,1,False,False,UNKNOWN,LEFT,1
3,23.919,1,3,3,1,False,False,UNKNOWN,LEFT,1
3,24.119,1,3,3,1,False,False,UNKNOWN,STAY,1
3,24.319,1,3,3,1,False,False,UNKNOWN,STAY,1
3,24.519,1,3,3,1,False,False,UNKNOWN,STAY,1
3,24.719,1,3,3,1,False,False,UNKNOWN,STAY,1
3,24.919,1,3,3,1,False,False,UNKNOWN,STAY,1
3,25.119,1,3,3,1,False,False,UNKNOWN,UP,1
3,25.319,1,3,2,1,False,False,UNKNOWN,STAY,1
3,25.519,1,3,2,1,False,False,UNKNOWN,UP,1
3,25.719,1,3,1,1,False,False,UNKNOWN,UP,1
3,25.919,1,3,1,1,False,False,UNKNOWN,UP,1
3,26.119,1,3,1,1,False,False,UNKNOWN,STAY,1
3,26.319,1,3,1,1,False,False,UNKNOWN,STAY,1
3,26.519,1,3,1,1,False,False,UNKNOWN,RIGHT,1
3,26.719,1,3,1,2,False,False,UNKNOWN,STAY,1
3,26.919,1,3,1,2,False,False,UNKNOWN,STAY,1
3,27.119,1,3,1,2,False,False,UNKNOWN,RIGHT,1
3,27.319,1,3,1,2,False,False,UNKNOWN,STAY,1
3,27.519,1,3,1,2,False,False,UNKNOWN,STAY,1
3,27.719,1,3,1,2,False,False,DOWN,STAY,1
3,27.919,1,3,1,2,False,False,DOWN,STAY,1
3,28.119,1,3,1,2,False,False,UNKNOWN,STAY,1
3,28.319,1,3,1,2,False,False,UNKNOWN,STAY,1
3,28.519,1,3,1,2,False,False,UNKNOWN,UP,1
3,28.719,1,3,1,2,False,False,UNKNOWN,STAY,1
3,28.919,1,3,1,2,False,False,UNKNOWN,STAY,1
3,29.119,1,3,1,2,False,False,UNKNOWN,RIGHT,1
3,29.319,1,3,1,2,False,False,UNKNOWN,STAY,1
3,29.519,1,3,1,2,False,False,UNKNOWN,STAY,1
3,29.719,1,3,1,2,False,False,UNKNOWN,LEFT,1
3,29.919,1,3,1,1,False,False,UNKNOWN,STAY,1
3,30.119,1,3,1,1,False,False,UNKNOWN,STAY,1
3,30.319,1,3,1,1,False,False,UNKNOWN,STAY,1
3,30.519,1,3,1,1,False,False,UNKNOWN,STAY,1
3,30.719,1,3,1,1,False,False,UNKNOWN,STAY,1
3,30.919,1,3,1,1,False,False,UNKNOWN,LEFT,1
3,31.119,1,3,1,1,False,False,UNKNOWN,STAY,1
3,31.319,1,3,1,1,False,False,UNKNOWN,DOWN,1
3,31.519,1,3,2,1,False,False,UNKNOWN,STAY,1
3,31.719,1,3,2,1,False,False,UNKNOWN,DOWN,1
3,31.919,1,3,3,1,False,False,DOWN,DOWN,1
3,32.119,1,3,3,1,False,False,UNKNOWN,STAY,1
3,32.319,1,3,3,1,False,False,UNKNOWN,STAY,1
3,32.519,1,3,3,1,False,False,UNKNOWN,STAY,1
3,32.719,1,3,3,1,False,False,UNKNOWN,RIGHT,1
3,32.919,1,3,3,2,False,False,UNKNOWN,RIGHT,1
3,33.119,1,3,3,3,False,False,UNKNOWN,STAY,1
3,33.434,1,3,3,3,False,False,DOWN,STAY,1
3,33.634,1,3,3,3,False,False,UNKNOWN,STAY,1
3,33.834,1,3,3,3,False,False,UNKNOWN,STAY,1
3,34.034,1,3,3,3,False,False,UNKNOWN,STAY,1
3,34.234,1,3,3,3,False,False,UNKNOWN,UP,1
3,34.434,1,3,2,3,False,False,UNKNOWN,STAY,1
3,34.634,1,3,2,3,False,False,UNKNOWN,STAY,1
3,34.834,1,3,2,3,False,False,UNKNOWN,RIGHT,1
3,35.034,1,3,2,3,False,False,UNKNOWN,STAY,1
3,35.234,1,3,2,3,False,False,UNKNOWN,STAY,1
3,35.434,1,3,2,3,False,False,UNKNOWN,DOWN,1
3,35.634,1,3,3,3,False,False,UNKNOWN,DOWN,1
3,35.834,1,3,3,3,False,False,UNKNOWN,STAY,1
3,36.034,1,3,3,3,False,False,UNKNOWN,STAY,1
3,36.234,1,3,3,3,False,False,UNKNOWN,STAY,1
3,36.434,1,3,3,3,False,False,UNKNOWN,STAY,1
3,36.634,1,3,3,3,False,False,UNKNOWN,STAY,1
3,36.834,1,3,3,3,False,False,UNKNOWN,UP,1
3,37.034,1,3,2,3,False,False,UNKNOWN,STAY,1
3,37.234,1,3,2,3,False,False,UNKNOWN,STAY,1
3,37.434,1,3,2,3,False,False,UNKNOWN,UP,1
3,37.634,1,3,2,3,False,False,UNKNOWN,STAY,1
3,37.834,1,3,2,3,False,False,UNKNOWN,STAY,1
3,38.034,1,3,2,3,False,False,DOWN,STAY,1
3,38.234,1,3,2,3,False,False,UNKNOWN,STAY,1
3,38.434,1,3,2,3,False,False,UNKNOWN,STAY,1
3,38.634,1,3,2,3,False,False,UNKNOWN,LEFT,1
3,38.834,1,3,2,3,False,False,UNKNOWN,LEFT,1
3,39.034,1,3,2,3,False,False,UNKNOWN,STAY,1
3,39.234,1,3,2,3,False,False,UNKNOWN,STAY,1
3,39.434,1,3,2,3,False,False,UNKNOWN,STAY,1
3,39.634,1,3,2,3,False,False,UNKNOWN,STAY,1
3,39.834,1,3,2,3,False,False,UNKNOWN,STAY,1
3,40.034,1,3,2,3,False,False,UNKNOWN,STAY,1
3,40.234,1,3,2,3,False,False,UNKNOWN,STAY,1
3,40.434,1,3,2,3,False,False,UNKNOWN,LEFT,1
3,40.634,1,3,2,3,False,False,UNKNOWN,STAY,1
3,40.834,1,3,2,3,False,False,UNKNOWN,STAY,1
3,41.034,1,3,2,3,False,False,UNKNOWN,RIGHT,1
3,41.234,1,3,2,3,False,False,UNKNOWN,STAY,1
3,41.434,1,3,2,3,False,False,UNKNOWN,STAY,1
3,41.634,1,3,2,3,False,False,UNKNOWN,STAY,1
3,41.834,1,3,2,3,False,False,DOWN,UP,1
3,42.034,1,3,2,3,False,False,UNKNOWN,STAY,1
3,42.234,1,3,2,3,False,False,UNKNOWN,DOWN,1
3,42.434,1,3,3,3,False,False,UNKNOWN,STAY,1
3,42.634,1,3,3,3,False,False,UNKNOWN,STAY,1
3,42.834,1,3,3,3,False,False,UNKNOWN,STAY,1
3,43.034,1,3,3,3,False,False,UNKNOWN,LEFT,1
3,43.234,1,3,3,2,False,False,UNKNOWN,STAY,1
3,43.434,1,3,3,2,False,False,UNKNOWN,STAY,1
3,43.634,1,3,3,2,False,False,UNKNOWN,STAY,1
3,43.834,1,3,3,2,False,False,UNKNOWN,STAY,1
3,44.034,1,3,3,2,False,False,UNKNOWN,STAY,1
3,44.234,1,3,3,2,False,False,UNKNOWN,LEFT,1
3,44.434,1,3,3,1,False,False,DOWN,STAY,1
3,44.634,1,3,3,1,False,False,UNKNOWN,STAY,1
3,44.834,1,3,3,1,False,False,UNKNOWN,STAY,1
4,0.200,1,3,3,1,False,False,UNKNOWN,RIGHT,0
4,0.400,1,3,3,2,False,False,UNKNOWN,STAY,0
4,0.600,1,3,3,2,False,False,UNKNOWN,STAY,0
4,0.800,1,3,3,2,False,False,UNKNOWN,STAY,0
4,1.000,1,3,3,2,False,False,DOWN,STAY,0
4,1.200,1,2,3,2,False,False,UNKNOWN,STAY,0
4,1.400,1,1,3,2,False,False,UNKNOWN,STAY,0
4,1.600,2,1,3,2,False,False,UNKNOWN,LEFT,0
4,1.800,3,1,3,2,False,False,UNKNOWN,STAY,0
4,2.000,3,1,3,2,False,False,UNKNOWN,STAY,0
4,2.200,2,1,3,2,False,False,UNKNOWN,STAY,0
4,2.400,1,1,3,2,False,False,UNKNOWN,STAY,0
4,2.600,1,2,3,2,False,False,UNKNOWN,STAY,0
4,2.800,1,3,3,2,False,False,UNKNOWN,STAY,0
4,3.000,1,3,3,2,False,False,UNKNOWN,LEFT,0
4,3.200,1,3,3,1,False,False,UP,STAY,0
4,3.400,1,3,3,1,False,False,UNKNOWN,STAY,0
4,3.600,1,3,3,1,True,False,UNKNOWN,STAY,0
4,3.800,2,3,3,1,True,False,UP,STAY,0
4,4.000,3,3,3,1,True,False,UNKNOWN,STAY,0
4,4.200,3,2,3,1,True,False,UNKNOWN,DOWN,0
4,4.400,3,2,3,1,False,False,DOWN,STAY,1
4,4.600,3,2,3,1,False,False,UNKNOWN,STAY,1
4,4.800,3,3,3,1,False,False,DOWN,STAY,1
4,5.000,2,3,3,1,False,False,UNKNOWN,UP,1
4,5.200,1,3,2,1,False,False,DOWN,STAY,1
4,5.400,1,3,2,1,False,False,DOWN,STAY,1
4,5.600,2,3,2,1,False,False,DOWN,STAY,1
4,5.800,3,3,2,1,False,False,DOWN,STAY,1
4,6.000,3,2,2,1,False,False,DOWN,UP,1
4,6.200,3,1,1,1,False,False,UNKNOWN,UP,1
4,6.400,3,1,1,1,False,False,UNKNOWN,STAY,1
4,6.600,2,1,1,1,False,False,UNKNOWN,STAY,1
4,6.800,2,1,1,1,False,False,UNKNOWN,RIGHT,1
4,7.000,1,1,1,2,False,False,UNKNOWN,STAY,1
4,7.200,1,1,1,2,False,False,UNKNOWN,STAY,1
4,7.400,1,1,1,2,False,False,UNKNOWN,STAY,1
4,7.600,1,1,1,2,False,False,UNKNOWN,STAY,1
4,7.800,1,1,1,2,False,False,UNKNOWN,STAY,1
4,8.000,1,1,1,2,False,False,UNKNOWN,STAY,1
4,8.200,1,1,1,2,False,False,UNKNOWN,STAY,1
4,8.400,1,1,1,2,False,False,UNKNOWN,STAY,1
4,8.600,1,1,1,2,False,False,UNKNOWN,STAY,1
4,8.800,1,1,1,2,False,False,UNKNOWN,STAY,1
4,9.000,1,1,1,2,False,False,UNKNOWN,STAY,1
4,9.200,1,1,1,2,False,False,UNKNOWN,STAY,1
4,9.400,1,1,1,2,False,False,UNKNOWN,STAY,1
4,9.600,1,1,1,2,False,False,UNKNOWN,STAY,1
4,9.800,1,1,1,2,False,False,UNKNOWN,STAY,1
4,10.000,1,1,1,2,False,False,UNKNOWN,STAY,1
4,10.200,1,1,1,2,False,False,UNKNOWN,STAY,1
4,10.400,1,1,1,2,False,False,UNKNOWN,RIGHT,1
4,10.600,1,2,1,3,False,False,UNKNOWN,STAY,1
4,10.800,1,2,1,3,False,False,UNKNOWN,STAY,1
4,11.000,1,2,1,3,False,False,UNKNOWN,RIGHT,1
4,11.200,1,2,1,3,False,False,UNKNOWN,STAY,1
4,11.400,1,2,1,3,False,False,UNKNOWN,STAY,1
4,11.600,1,2,1,3,False,False,UNKNOWN,STAY,1
4,11.800,1,2,1,3,False,False,UNKNOWN,STAY,1
4,12.000,1,2,1,3,False,False,DOWN,STAY,1
4,12.200,1,2,1,3,False,False,UNKNOWN,STAY,1
4,12.400,1,2,1,3,False,False,UNKNOWN,STAY,1
4,12.600,1,2,1,3,False,False,UNKNOWN,STAY,1
4,12.800,1,2,1,3,False,False,UNKNOWN,STAY,1
4,13.000,1,2,1,3,False,False,UNKNOWN,LEFT,1
4,13.200,1,2,1,3,False,False,UNKNOWN,STAY,1
4,13.400,1,2,1,3,False,False,DOWN,STAY,1
4,13.600,1,2,1,3,False,False,UNKNOWN,STAY,1
4,13.800,1,2,1,3,False,False,UNKNOWN,STAY,1
4,14.000,1,2,1,3,False,False,UNKNOWN,STAY,1
4,14.200,1,2,1,3,False,False,UNKNOWN,RIGHT,1
4,14.400,1,2,1,3,False,False,UNKNOWN,STAY,1
4,14.600,1,2,1,3,False,False,UNKNOWN,STAY,1
4,14.800,1,2,1,3,False,False,DOWN,DOWN,1
4,15.000,1,2,2,3,False,False,UNKNOWN,STAY,1
4,15.200,1,3,2,3,False,False,UNKNOWN,DOWN,1
4,15.400,1,3,3,3,False,False,UNKNOWN,STAY,1
4,15.600,1,3,3,3,False,False,DOWN,DOWN,1
4,15.800,1,3,3,3,False,False,UP,STAY,1
4,16.000,1,3,3,3,False,False,UNKNOWN,STAY,1
4,16.200,1,3,3,3,True,False,UNKNOWN,STAY,1
4,16.400,2,3,3,3,True,False,UNKNOWN,STAY,1
4,16.600,2,3,3,3,True,False,UNKNOWN,STAY,1
4,16.800,2,3,3,3,True,False,UNKNOWN,STAY,1
4,17.000,2,3,3,3,True,False,UNKNOWN,STAY,1
4,17.200,2,3,3,3,True,False,UNKNOWN,STAY,1
4,17.400,2,3,3,3,True,False,UNKNOWN,STAY,1
4,17.600,2,3,3,3,True,False,UNKNOWN,LEFT,1
4,17.800,3,3,3,2,True,False,UNKNOWN,LEFT,1
4,18.000,3,2,3,1,True,False,UNKNOWN,LEFT,1
4,18.201,3,2,3,1,False,False,DOWN,STAY,2
4,18.401,3,2,3,1,False,False,DOWN,STAY,2
4,18.601,3,2,3,1,False,False,DOWN,STAY,2
4,18.801,3,2,3,1,False,False,UNKNOWN,STAY,2
4,19.001,3,2,3,1,False,False,DOWN,STAY,2
4,19.201,3,2,3,1,False,False,DOWN,STAY,2
4,19.401,3,2,3,1,False,False,DOWN,STAY,2
4,19.601,3,2,3,1,False,False,UNKNOWN,STAY,2
4,19.801,3,2,3,1,False,False,DOWN,UP,2
4,20.001,3,2,2,1,False,False,DOWN,STAY,2
4,20.201,3,2,2,1,False,False,DOWN,UP,2
4,20.401,3,2,1,1,False,False,DOWN,STAY,2
4,20.601,3,2,1,1,False,False,DOWN,STAY,2
4,20.801,3,2,1,1,False,False,DOWN,RIGHT,2
4,21.001,3,2,1,2,False,False,DOWN,STAY,2
4,21.201,3,2,1,2,False,False,DOWN,STAY,2
4,21.401,3,2,1,2,False,False,DOWN,RIGHT,2
4,21.601,3,2,1,3,False,False,DOWN,STAY,2
4,21.801,3,2,1,3,False,False,DOWN,STAY,2
4,22.001,3,2,1,3,False,False,DOWN,STAY,2
4,22.201,3,2,1,3,False,False,DOWN,STAY,2
4,22.401,3,2,1,3,False,False,DOWN,UP,2
4,22.601,3,2,1,3,False,False,UNKNOWN,STAY,2
4,22.801,3,2,1,3,False,False,DOWN,STAY,2
4,23.001,3,3,1,3,False,False,DOWN,STAY,2
4,23.201,2,3,1,3,False,False,UNKNOWN,STAY,2
4,23.401,2,3,1,3,False,False,UNKNOWN,STAY,2
4,23.601,2,3,1,3,False,False,UNKNOWN,UP,2
4,23.801,2,3,1,3,False,False,UP,STAY,2
4,24.001,2,3,1,3,False,False,DOWN,STAY,2
4,24.201,2,3,1,3,False,False,DOWN,STAY,2
4,24.401,2,3,1,3,False,False,DOWN,STAY,2
4,24.601,2,3,1,3,False,False,DOWN,STAY,2
4,24.801,2,3,1,3,False,False,DOWN,STAY,2
4,25.001,2,3,1,3,False,False,DOWN,STAY,2
4,25.201,2,3,1,3,False,False,DOWN,UP,2
4,25.401,2,3,1,3,False,False,UP,STAY,2
4,25.601,2,3,1,3,False,False,UP,STAY,2
4,25.801,2,3,1,3,False,False,UNKNOWN,STAY,2
4,26.001,3,3,1,3,False,False,UNKNOWN,STAY,2
4,26.201,3,2,1,3,False,False,UP,RIGHT,2
4,26.401,3,2,1,3,False,False,UNKNOWN,STAY,2
4,26.601,3,2,1,3,False,False,UNKNOWN,STAY,2
4,26.801,3,2,1,3,False,False,UNKNOWN,STAY,2
4,27.001,3,2,1,3,False,False,UNKNOWN,STAY,2
4,27.201,3,2,1,3,False,False,UNKNOWN,STAY,2
4,27.401,3,2,1,3,False,False,UNKNOWN,STAY,2
4,27.601,3,2,1,3,False,False,UNKNOWN,STAY,2
4,27.801,3,2,1,3,False,False,UNKNOWN,RIGHT,2
4,28.001,3,2,1,3,False,True,UNKNOWN,STAY,2
4,28.201,3,2,1,3,False,True,UNKNOWN,STAY,2
4,28.401,3,2,1,3,False,True,UNKNOWN,STAY,2
4,28.601,3,2,1,3,False,True,UNKNOWN,STAY,2
4,28.801,3,2,1,3,False,True,UNKNOWN,STAY,2
4,29.001,3,2,1,3,False,True,UNKNOWN,STAY,2
4,29.201,3,2,1,3,False,True,UNKNOWN,STAY,2
4,29.401,3,2,1,3,False,True,UNKNOWN,STAY,2
4,29.601,3,2,1,3,False,True,UNKNOWN,STAY,2
4,29.801,3,2,1,3,False,True,UNKNOWN,STAY,2
4,30.001,3,2,1,3,False,True,UNKNOWN,LEFT,2
4,30.201,3,2,1,2,False,True,UNKNOWN,STAY,2
4,30.401,3,2,1,2,False,True,UNKNOWN,LEFT,2
4,30.601,3,2,1,1,False,True,UNKNOWN,STAY,2
4,30.801,3,2,1,1,False,True,UNKNOWN,STAY,2
4,31.001,3,2,1,1,False,True,UNKNOWN,STAY,2
4,31.201,3,2,1,1,False,True,UNKNOWN,DOWN,2
4,31.401,3,2,2,1,False,True,UNKNOWN,STAY,2
4,31.601,3,2,2,1,False,True,UNKNOWN,STAY,2
4,31.801,3,2,2,1,False,True,UNKNOWN,STAY,2
4,32.001,3,2,2,1,False,True,UNKNOWN,STAY,2
4,32.201,3,2,2,1,False,True,UNKNOWN,STAY,2
4,32.401,3,2,2,1,False,True,UNKNOWN,STAY,2
4,32.601,3,2,2,1,False,True,UNKNOWN,STAY,2
4,32.801,3,2,2,1,False,True,UNKNOWN,STAY,2
4,33.001,3,2,2,1,False,True,UNKNOWN,DOWN,2
4,33.201,3,2,3,1,False,True,UNKNOWN,STAY,2
4,33.401,3,2,3,1,False,True,UNKNOWN,STAY,2
4,33.601,3,2,3,1,False,True,UNKNOWN,DOWN,2
4,33.801,3,2,3,1,False,False,UNKNOWN,STAY,3
4,34.001,3,2,3,1,False,False,UNKNOWN,STAY,3
4,34.201,3,2,3,1,False,False,UNKNOWN,STAY,3
4,34.401,3,2,3,1,False,False,UNKNOWN,UP,3
4,34.601,3,2,2,1,False,False,UNKNOWN,STAY,3
4,34.801,3,2,2,1,False,False,UNKNOWN,STAY,3
4,34.992,3,2,2,1,False,False,UNKNOWN,UP,3
4,35.249,3,2,1,1,False,False,UNKNOWN,STAY,3
4,35.449,3,2,1,1,False,False,UNKNOWN,UP,3
4,35.649,3,2,1,1,False,False,UNKNOWN,STAY,3
4,35.849,3,2,1,1,False,False,UNKNOWN,STAY,3
4,36.049,3,2,1,1,False,False,UNKNOWN,STAY,3
4,36.249,3,2,1,1,False,False,UNKNOWN,RIGHT,3
4,36.449,3,2,1,2,False,False,UNKNOWN,STAY,3
4,36.649,3,2,1,2,False,False,UNKNOWN,RIGHT,3
4,36.849,3,2,1,3,False,False,UNKNOWN,STAY,3
4,37.049,3,2,1,3,False,False,UNKNOWN,STAY,3
4,37.249,3,2,1,3,False,False,UNKNOWN,STAY,3
4,37.449,3,2,1,3,False,False,UNKNOWN,UP,3
4,37.649,3,2,1,3,False,False,UNKNOWN,STAY,3
4,37.849,3,2,1,3,False,False,DOWN,STAY,3
4,38.049,3,2,1,3,False,False,UNKNOWN,STAY,3
4,38.249,3,2,1,3,False,False,UNKNOWN,STAY,3
4,38.449,3,2,1,3,False,False,UNKNOWN,UP,3
4,38.649,3,2,1,3,False,False,DOWN,STAY,3
4,38.849,3,2,1,3,False,False,DOWN,STAY,3
4,39.049,3,2,1,3,False,False,UNKNOWN,STAY,3
4,39.249,3,2,1,3,False,False,UNKNOWN,STAY,3
4,39.449,3,2,1,3,False,False,DOWN,STAY,3
4,39.649,3,2,1,3,False,False,DOWN,STAY,3
4,39.849,3,2,1,3,False,False,DOWN,STAY,3
4,40.049,3,2,1,3,False,False,DOWN,STAY,3
4,40.249,3,2,1,3,False,False,DOWN,UP,3
4,40.449,3,2,1,3,False,False,UNKNOWN,STAY,3
4,40.649,3,2,1,3,False,False,UNKNOWN,STAY,3
4,40.849,3,2,1,3,False,False,UNKNOWN,STAY,3
4,41.049,3,2,1,3,False,False,UNKNOWN,DOWN,3
4,41.249,3,2,2,3,False,False,UNKNOWN,STAY,3
4,41.449,3,2,2,3,False,False,UNKNOWN,STAY,3
4,41.649,3,2,2,3,False,False,UNKNOWN,RIGHT,3
4,41.849,3,2,2,3,False,False,UNKNOWN,STAY,3
4,42.049,3,2,2,3,False,False,UP,STAY,3
4,42.249,3,1,2,3,False,False,UNKNOWN,STAY,3
4,42.449,3,1,2,3,True,False,UP,STAY,3
4,42.649,3,1,2,3,True,False,UP,STAY,3
4,42.849,3,1,2,3,True,False,UNKNOWN,STAY,3
4,43.049,3,2,2,3,True,False,UP,STAY,3
4,43.249,3,2,2,3,False,False,UP,STAY,4
4,43.448,3,3,2,3,False,False,UNKNOWN,STAY,4
4,43.651,3,3,2,3,False,False,DOWN,STAY,4
4,43.852,3,3,2,3,False,False,DOWN,STAY,4
4,44.052,3,3,2,3,False,False,UNKNOWN,STAY,4
4,44.252,3,3,2,3,False,False,DOWN,STAY,4
4,44.452,3,3,2,3,False,False,UNKNOWN,STAY,4
4,44.652,3,3,2,3,False,False,UNKNOWN,STAY,4
4,44.852,3,3,2,3,False,False,UNKNOWN,STAY,4
5,0.200,1,3,3,1,False,False,UNKNOWN,RIGHT,0
5,0.400,1,3,3,2,False,False,UNKNOWN,STAY,0
5,0.600,1,3,3,2,False,False,UNKNOWN,STAY,0
5,0.800,1,3,3,2,False,False,UNKNOWN,STAY,0
5,1.000,1,3,3,2,False,False,DOWN,STAY,0
5,1.200,1,2,3,2,False,False,UNKNOWN,STAY,0
5,1.400,1,1,3,2,False,False,UNKNOWN,STAY,0
5,1.600,2,1,3,2,False,False,UNKNOWN,STAY,0
5,1.800,3,1,3,2,False,False,UNKNOWN,STAY,0
5,2.000,3,1,3,2,False,False,UNKNOWN,STAY,0
5,2.200,2,1,3,2,False,False,UNKNOWN,STAY,0
5,2.400,1,1,3,2,False,False,UNKNOWN,STAY,0
5,2.600,1,2,3,2,False,False,UNKNOWN,STAY,0
5,2.800,1,3,3,2,False,False,UNKNOWN,STAY,0
5,3.000,1,3,3,2,False,False,UNKNOWN,STAY,0
5,3.200,1,3,3,2,False,False,UP,STAY,0
5,3.400,1,3,3,2,False,False,UNKNOWN,LEFT,0
5,3.714,1,3,3,1,True,False,UNKNOWN,STAY,0
5,3.915,2,3,3,1,True,False,UP,STAY,0
5,4.115,3,3,3,1,True,False,UNKNOWN,STAY,0
5,4.315,3,2,3,1,True,False,UNKNOWN,STAY,0
5,4.515,3,2,3,1,False,False,UNKNOWN,DOWN,1
5,4.715,3,3,3,1,False,False,UNKNOWN,STAY,1
5,4.915,2,3,3,1,False,False,DOWN,STAY,1
5,5.231,1,3,3,1,False,False,UNKNOWN,STAY,1
5,5.431,1,3,3,1,False,False,DOWN,UP,1
5,5.631,2,3,2,1,False,False,DOWN,STAY,1
5,5.831,3,3,2,1,False,False,DOWN,UP,1
5,6.031,3,2,1,1,False,False,DOWN,STAY,1
5,6.231,3,1,1,1,False,False,DOWN,STAY,1
5,6.431,3,1,1,1,False,False,UNKNOWN,STAY,1
5,6.631,3,2,1,1,False,False,UNKNOWN,RIGHT,1
5,6.831,3,3,1,2,False,False,UNKNOWN,STAY,1
5,7.031,2,3,1,2,False,False,UNKNOWN,RIGHT,1
5,7.231,1,3,1,2,False,False,UNKNOWN,STAY,1
5,7.431,1,3,1,2,False,False,UNKNOWN,STAY,1
5,7.631,1,3,1,2,False,False,UP,STAY,1
5,7.831,1,3,1,2,False,False,UNKNOWN,STAY,1
5,8.031,1,3,1,2,True,False,UNKNOWN,STAY,1
5,8.231,2,3,1,2,True,False,UNKNOWN,STAY,1
5,8.431,3,3,1,2,True,False,UNKNOWN,STAY,1
5,8.631,3,2,1,2,True,False,UNKNOWN,STAY,1
5,8.831,3,2,1,2,False,False,DOWN,RIGHT,2
5,9.031,3,1,1,3,False,False,DOWN,STAY,2
5,9.231,3,1,1,3,False,False,UNKNOWN,STAY,2
5,9.431,2,1,1,3,False,False,UNKNOWN,STAY,2
5,9.631,1,1,1,3,False,False,UNKNOWN,UP,2
5,9.831,1,2,1,3,False,False,UNKNOWN,STAY,2
5,10.031,1,2,1,3,False,False,UNKNOWN,STAY,2
5,10.231,1,2,1,3,False,False,UNKNOWN,STAY,2
5,10.431,1,1,1,3,False,False,UNKNOWN,STAY,2
5,10.631,1,2,1,3,False,False,UNKNOWN,UP,2
5,10.831,1,2,1,3,False,False,UNKNOWN,STAY,2
5,11.031,1,2,1,3,False,False,UNKNOWN,STAY,2
5,11.231,1,2,1,3,False,False,UNKNOWN,STAY,2
5,11.431,1,2,1,3,False,False,UNKNOWN,STAY,2
5,11.631,1,2,1,3,False,False,UNKNOWN,STAY,2
5,11.831,1,2,1,3,False,False,UNKNOWN,UP,2
5,12.031,1,2,1,3,False,False,UNKNOWN,STAY,2
5,12.231,1,2,1,3,False,False,UP,STAY,2
5,12.431,1,2,1,3,False,False,UNKNOWN,STAY,2
5,12.631,1,2,1,3,False,False,UNKNOWN,RIGHT,2
5,12.831,1,2,1,3,False,False,UNKNOWN,STAY,2
5,13.031,1,2,1,3,False,False,UNKNOWN,STAY,2
5,13.231,1,2,1,3,False,False,UNKNOWN,STAY,2
5,13.431,1,2,1,3,False,False,UNKNOWN,STAY,2
5,13.745,1,2,1,3,False,False,DOWN,RIGHT,2
5,13.946,1,2,1,3,False,True,UNKNOWN,STAY,2
5,14.146,1,2,1,3,False,True,DOWN,STAY,2
5,14.346,1,2,1,3,False,True,UNKNOWN,STAY,2
5,14.546,1,1,1,3,False,True,UNKNOWN,DOWN,2
5,14.746,1,2,2,3,False,True,UNKNOWN,STAY,2
5,14.946,1,3,2,3,False,True,UNKNOWN,DOWN,2
5,15.146,1,3,3,3,False,True,DOWN,STAY,2
5,15.346,1,3,3,3,False,True,UNKNOWN,STAY,2
5,15.546,1,3,3,3,False,True,UP,DOWN,2
5,15.746,1,3,3,3,False,False,UP,STAY,3
5,15.946,2,3,3,3,False,False,DOWN,STAY,3
5,16.146,2,3,3,3,False,False,UP,STAY,3
5,16.346,2,3,3,3,False,False,UP,STAY,3
5,16.546,2,3,3,3,False,False,UP,STAY,3
5,16.746,2,3,3,3,False,False,UP,DOWN,3
5,16.946,2,3,3,3,False,True,UP,STAY,3
5,17.146,2,3,3,3,False,True,UP,STAY,3
5,17.346,2,3,3,3,False,True,DOWN,STAY,3
5,17.546,1,3,3,3,False,True,UP,STAY,3
5,17.746,1,3,3,3,False,True,UNKNOWN,LEFT,3
5,17.946,2,3,3,2,False,True,UNKNOWN,STAY,3
5,18.146,3,3,3,2,False,True,UNKNOWN,STAY,3
5,18.346,3,3,3,2,False,True,UNKNOWN,STAY,3
5,18.546,3,3,3,2,False,True,UNKNOWN,DOWN,3
5,18.746,3,3,3,2,False,False,UP,STAY,4
5,18.946,2,3,3,2,False,False,UP,STAY,4
5,19.146,1,3,3,2,False,False,UP,STAY,4
5,19.346,1,3,3,2,False,False,UNKNOWN,STAY,4
5,19.546,1,3,3,2,True,False,UNKNOWN,STAY,4
5,19.746,2,3,3,2,True,False,UNKNOWN,STAY,4
5,19.946,3,3,3,2,True,False,UNKNOWN,STAY,4
5,20.146,3,3,3,2,True,False,UNKNOWN,STAY,4
5,20.346,3,3,3,2,True,False,UNKNOWN,STAY,4
5,20.546,3,3,3,2,True,False,UNKNOWN,STAY,4
5,20.746,3,3,3,2,True,False,UNKNOWN,STAY,4
5,20.946,3,3,3,2,True,False,UNKNOWN,STAY,4
5,21.146,3,3,3,2,True,False,UNKNOWN,STAY,4
5,21.347,3,3,3,2,True,False,UNKNOWN,STAY,4
5,21.547,3,3,3,2,True,False,UNKNOWN,STAY,4
5,21.747,3,3,3,2,True,False,UNKNOWN,STAY,4
5,21.947,3,3,3,2,True,False,UNKNOWN,STAY,4
5,22.147,3,3,3,2,True,False,UNKNOWN,STAY,4
5,22.347,3,3,3,2,True,False,UNKNOWN,STAY,4
5,22.547,3,3,3,2,True,False,UNKNOWN,STAY,4
5,22.747,3,3,3,2,True,False,UNKNOWN,STAY,4
5,22.947,3,3,3,2,True,False,UNKNOWN,STAY,4
5,23.147,3,3,3,2,True,False,UNKNOWN,STAY,4
5,23.347,3,3,3,2,True,False,UNKNOWN,STAY,4
5,23.547,3,3,3,2,True,False,UNKNOWN,STAY,4
5,23.747,3,3,3,2,True,False,UNKNOWN,RIGHT,4
5,23.947,3,3,3,2,True,False,UNKNOWN,STAY,4
5,24.147,3,3,3,2,True,False,UNKNOWN,STAY,4
5,24.347,3,3,3,2,True,False,UNKNOWN,LEFT,4
5,24.547,3,2,3,1,True,False,UNKNOWN,STAY,4
5,24.747,3,2,3,1,False,False,UNKNOWN,STAY,5
5,24.947,3,2,3,1,False,False,DOWN,STAY,5
5,25.147,3,2,3,1,False,False,UNKNOWN,STAY,5
5,25.347,3,2,3,1,False,False,DOWN,STAY,5
5,25.547,3,2,3,1,False,False,UNKNOWN,STAY,5
5,25.747,3,3,3,1,False,False,DOWN,STAY,5
5,25.947,2,3,3,1,False,False,UNKNOWN,STAY,5
5,26.147,1,3,3,1,False,False,UNKNOWN,LEFT,5
5,26.347,1,3,3,1,False,False,UNKNOWN,STAY,5
5,26.547,1,3,3,1,False,False,UNKNOWN,STAY,5
5,26.747,1,3,3,1,False,False,UNKNOWN,STAY,5
5,26.947,1,3,3,1,False,False,UNKNOWN,STAY,5
5,27.147,1,3,3,1,False,False,UNKNOWN,STAY,5
5,27.347,1,3,3,1,False,False,UNKNOWN,UP,5
5,27.547,1,3,2,1,False,False,UNKNOWN,STAY,5
5,27.747,1,3,2,1,False,False,UNKNOWN,UP,5
5,27.947,1,3,1,1,False,False,DOWN,STAY,5
5,28.147,1,3,1,1,False,False,DOWN,STAY,5
5,28.347,1,3,1,1,False,False,UNKNOWN,STAY,5
5,28.547,1,3,1,1,False,False,UNKNOWN,STAY,5
5,28.747,1,3,1,1,False,False,UNKNOWN,STAY,5
5,28.947,1,3,1,1,False,False,UP,STAY,5
5,29.147,1,3,1,1,False,False,UNKNOWN,DOWN,5
5,29.347,1,3,2,1,False,False,UNKNOWN,STAY,5
5,29.547,1,3,2,1,False,False,UNKNOWN,STAY,5
5,29.747,1,3,2,1,False,False,UNKNOWN,STAY,5
5,29.947,1,3,2,1,False,False,UNKNOWN,UP,5
5,30.147,1,3,1,1,False,False,DOWN,STAY,5
5,30.347,1,3,1,1,False,False,UNKNOWN,STAY,5
5,30.547,1,3,1,1,False,False,UNKNOWN,STAY,5
5,30.747,1,3,1,1,False,False,UNKNOWN,DOWN,5
5,30.947,1,3,2,1,False,False,DOWN,DOWN,5
5,31.147,1,3,3,1,False,False,UNKNOWN,STAY,5
5,31.347,1,3,3,1,False,False,UNKNOWN,STAY,5
5,31.547,1,3,3,1,False,False,UNKNOWN,STAY,5
5,31.747,1,3,3,1,False,False,UNKNOWN,DOWN,5
5,31.947,1,3,3,1,False,False,UNKNOWN,STAY,5
5,32.147,1,3,3,1,False,False,DOWN,STAY,5
5,32.347,1,3,3,1,False,False,UNKNOWN,UP,5
5,32.547,1,3,2,1,False,False,UNKNOWN,UP,5
5,32.747,1,3,1,1,False,False,UNKNOWN,STAY,5
5,32.947,1,3,1,1,False,False,DOWN,STAY,5
5,33.147,1,3,1,1,False,False,UNKNOWN,UP,5
5,33.347,1,3,1,1,False,False,UNKNOWN,STAY,5
5,33.547,1,3,1,1,False,False,DOWN,STAY,5
5,33.747,1,2,1,1,False,False,UNKNOWN,STAY,5
5,33.947,1,2,1,1,False,False,UNKNOWN,DOWN,5
5,34.147,1,3,2,1,False,False,UNKNOWN,STAY,5
5,34.347,1,3,2,1,False,False,UP,DOWN,5
5,34.547,1,3,3,1,False,False,UNKNOWN,STAY,5
5,34.747,1,3,3,1,False,False,UNKNOWN,STAY,5
5,34.947,1,3,3,1,False,False,DOWN,DOWN,5
5,35.147,1,2,3,1,False,False,UNKNOWN,STAY,5
5,35.347,1,1,3,1,False,False,UP,STAY,5
5,35.547,1,1,3,1,False,False,UNKNOWN,STAY,5
5,35.747,1,2,3,1,False,False,UNKNOWN,STAY,5
5,35.947,1,3,3,1,False,False,UNKNOWN,STAY,5
5,36.147,1,3,3,1,False,False,UNKNOWN,STAY,5
5,36.347,1,3,3,1,False,False,UNKNOWN,STAY,5
5,36.547,1,3,3,1,False,False,UP,STAY,5
5,36.747,1,3,3,1,False,False,UNKNOWN,STAY,5
5,36.947,1,3,3,1,True,False,UNKNOWN,STAY,5
5,37.147,2,3,3,1,True,False,UNKNOWN,STAY,5
5,37.347,3,3,3,1,True,False,UNKNOWN,STAY,5
5,37.547,3,2,3,1,True,False,UNKNOWN,STAY,5
5,37.747,3,2,3,1,False,False,DOWN,STAY,6
5,37.947,3,2,3,1,False,False,DOWN,STAY,6
5,38.147,3,2,3,1,False,False,DOWN,STAY,6
5,38.347,3,2,3,1,False,False,DOWN,STAY,6
5,38.547,3,2,3,1,False,False,DOWN,STAY,6
5,38.747,3,2,3,1,False,False,UNKNOWN,RIGHT,6
5,38.947,3,3,3,2,False,False,DOWN,STAY,6
5,39.147,2,3,3,2,False,False,DOWN,STAY,6
5,39.347,1,3,3,2,False,False,UNKNOWN,STAY,6
5,39.547,1,3,3,2,False,False,DOWN,STAY,6
5,39.747,1,2,3,2,False,False,DOWN,STAY,6
5,39.947,1,1,3,2,False,False,UNKNOWN,STAY,6
5,40.147,2,1,3,2,False,False,DOWN,RIGHT,6
5,40.347,3,1,3,3,False,False,DOWN,RIGHT,6
5,40.547,3,1,3,3,False,False,UNKNOWN,STAY,6
5,40.747,2,1,3,3,False,False,UNKNOWN,STAY,6
5,40.947,1,1,3,3,False,False,UNKNOWN,STAY,6
5,41.147,1,2,3,3,False,False,UNKNOWN,STAY,6
5,41.347,1,3,3,3,False,False,UNKNOWN,STAY,6
5,41.547,1,3,3,3,False,False,UNKNOWN,STAY,6
5,41.747,1,3,3,3,False,False,UNKNOWN,STAY,6
5,41.947,1,3,3,3,False,False,DOWN,RIGHT,6
5,42.147,1,3,3,3,False,False,UP,STAY,6
5,42.347,1,3,3,3,False,False,UNKNOWN,STAY,6
5,42.547,1,3,3,3,True,False,UNKNOWN,STAY,6
5,42.747,2,3,3,3,True,False,UNKNOWN,STAY,6
5,42.947,2,3,3,3,True,False,UNKNOWN,STAY,6
5,43.147,2,3,3,3,True,False,UNKNOWN,STAY,6
5,43.347,2,3,3,3,True,False,UNKNOWN,STAY,6
5,43.547,2,3,3,3,True,False,UP,STAY,6
5,43.747,2,3,3,3,True,False,UNKNOWN,STAY,6
5,43.947,2,3,3,3,True,False,UNKNOWN,LEFT,6
5,44.147,3,3,3,2,True,False,UNKNOWN,STAY,6
5,44.347,3,3,3,2,True,False,UNKNOWN,LEFT,6
5,44.547,3,2,3,1,True,False,UNKNOWN,STAY,6
5,44.747,3,2,3,1,False,False,UNKNOWN,STAY,7
5,44.947,3,3,3,1,False,False,DOWN,STAY,7
6,0.200,1,3,3,1,False,False,UNKNOWN,UP,0
6,0.400,1,3,2,1,False,False,UNKNOWN,STAY,0
6,0.600,1,3,2,1,False,False,UNKNOWN,STAY,0
6,0.800,1,3,2,1,False,False,UNKNOWN,STAY,0
6,1.000,1,3,2,1,False,False,DOWN,STAY,0
6,1.200,2,3,2,1,False,False,DOWN,DOWN,0
6,1.400,3,3,3,1,False,False,DOWN,DOWN,0
6,1.600,3,2,3,1,False,False,DOWN,STAY,0
6,1.800,3,2,3,1,False,False,DOWN,STAY,0
6,2.000,3,2,3,1,False,False,DOWN,UP,0
6,2.200,3,1,2,1,False,False,UNKNOWN,STAY,0
6,2.400,3,2,2,1,False,False,DOWN,UP,0
6,2.600,3,3,1,1,False,False,DOWN,STAY,0
6,2.800,2,3,1,1,False,False,DOWN,UP,0
6,3.000,1,3,1,1,False,False,DOWN,STAY,0
6,3.200,1,3,1,1,False,False,DOWN,STAY,0
6,3.400,2,3,1,1,False,False,DOWN,STAY,0
6,3.600,3,3,1,1,False,False,DOWN,STAY,0
6,3.800,3,2,1,1,False,False,DOWN,STAY,0
6,4.000,3,1,1,1,False,False,UNKNOWN,STAY,0
6,4.200,3,1,1,1,False,False,UNKNOWN,STAY,0
6,4.400,2,1,1,1,False,False,UNKNOWN,STAY,0
6,4.600,2,1,1,1,False,False,UNKNOWN,UP,0
6,4.800,2,1,1,1,False,False,UNKNOWN,STAY,0
6,5.000,2,1,1,1,False,False,UNKNOWN,STAY,0
6,5.200,2,1,1,1,False,False,UNKNOWN,RIGHT,0
6,5.400,1,1,1,2,False,False,UNKNOWN,STAY,0
6,5.600,1,1,1,2,False,False,UNKNOWN,RIGHT,0
6,5.800,1,2,1,3,False,False,UNKNOWN,STAY,0
6,6.000,1,2,1,3,False,False,UP,STAY,0
6,6.200,1,2,1,3,False,False,UNKNOWN,STAY,0
6,6.400,1,2,1,3,False,False,UNKNOWN,STAY,0
6,6.600,1,2,1,3,False,False,UNKNOWN,STAY,0
6,6.800,1,2,1,3,False,False,UNKNOWN,UP,0
6,7.000,1,2,1,3,False,False,UNKNOWN,STAY,0
6,7.200,1,2,1,3,False,False,UNKNOWN,STAY,0
6,7.400,1,2,1,3,False,False,DOWN,STAY,0
6,7.600,1,2,1,3,False,False,UNKNOWN,STAY,0
6,7.800,1,2,1,3,False,False,UNKNOWN,UP,0
6,8.000,1,2,1,3,False,False,UNKNOWN,STAY,0
6,8.200,1,2,1,3,False,False,UNKNOWN,STAY,0
6,8.400,1,2,1,3,False,False,UNKNOWN,STAY,0
6,8.600,1,2,1,3,False,False,UNKNOWN,STAY,0
6,8.800,1,2,1,3,False,False,UNKNOWN,STAY,0
6,9.000,1,2,1,3,False,False,UNKNOWN,DOWN,0
6,9.200,1,2,2,3,False,False,UNKNOWN,STAY,0
6,9.400,1,3,2,3,False,False,UNKNOWN,STAY,0
6,9.600,1,3,2,3,False,False,UNKNOWN,STAY,0
6,9.800,1,3,2,3,False,False,UNKNOWN,STAY,0
6,10.000,1,3,2,3,False,False,UNKNOWN,STAY,0
6,10.200,1,3,2,3,False,False,UNKNOWN,DOWN,0
6,10.400,1,3,3,3,False,False,UNKNOWN,STAY,0
6,10.600,1,3,3,3,False,False,UNKNOWN,STAY,0
6,10.800,1,3,3,3,False,False,UNKNOWN,STAY,0
6,11.000,1,3,3,3,False,False,UNKNOWN,STAY,0
6,11.200,1,3,3,3,False,False,UNKNOWN,STAY,0
6,11.400,1,3,3,3,False,False,UNKNOWN,STAY,0
6,11.600,1,3,3,3,False,False,UNKNOWN,STAY,0
6,11.800,1,3,3,3,False,False,UNKNOWN,STAY,0
6,12.000,1,3,3,3,False,False,UNKNOWN,STAY,0
6,12.200,1,3,3,3,False,False,UNKNOWN,LEFT,0
6,12.400,1,3,3,2,False,False,UNKNOWN,LEFT,0
6,12.600,1,3,3,1,False,False,UNKNOWN,STAY,0
6,12.800,1,3,3,1,False,False,UNKNOWN,LEFT,0
6,13.000,1,3,3,1,False,False,UNKNOWN,STAY,0
6,13.200,1,3,3,1,False,False,UNKNOWN,STAY,0
6,13.400,1,3,3,1,False,False,UNKNOWN,STAY,0
6,13.600,1,3,3,1,False,False,UNKNOWN,STAY,0
6,13.800,1,3,3,1,False,False,UNKNOWN,STAY,0
6,14.000,1,3,3,1,False,False,UNKNOWN,UP,0
6,14.200,1,3,2,1,False,False,UNKNOWN,STAY,0
6,14.400,1,3,2,1,False,False,UNKNOWN,UP,0
6,14.600,1,3,1,1,False,False,UNKNOWN,STAY,0
6,14.800,1,3,1,1,False,False,DOWN,UP,0
6,15.000,1,3,1,1,False,False,UNKNOWN,STAY,0
6,15.200,1,3,1,1,False,False,UNKNOWN,STAY,0
6,15.400,1,3,1,1,False,False,UNKNOWN,RIGHT,0
6,15.600,1,3,1,2,False,False,UNKNOWN,RIGHT,0
6,15.800,1,3,1,2,False,False,UNKNOWN,STAY,0
6,16.000,1,3,1,2,False,False,UNKNOWN,RIGHT,0
6,16.200,1,3,1,2,False,False,UNKNOWN,STAY,0
6,16.400,1,3,1,2,False,False,UNKNOWN,UP,0
6,16.601,1,3,1,2,False,False,UNKNOWN,STAY,0
6,16.801,1,3,1,2,False,False,UNKNOWN,UP,0
6,17.001,1,3,1,2,False,False,UNKNOWN,STAY,0
6,17.201,1,3,1,2,False,False,UNKNOWN,STAY,0
6,17.401,1,3,1,2,False,False,UNKNOWN,STAY,0
6,17.601,1,3,1,2,False,False,UNKNOWN,LEFT,0
6,17.801,1,3,1,1,False,False,UNKNOWN,STAY,0
6,18.001,1,3,1,1,False,False,UNKNOWN,STAY,0
6,18.201,1,3,1,1,False,False,UNKNOWN,STAY,0
6,18.401,1,3,1,1,False,False,UNKNOWN,STAY,0
6,18.601,1,3,1,1,False,False,UNKNOWN,DOWN,0
6,18.801,1,3,2,1,False,False,UNKNOWN,STAY,0
6,19.001,1,3,2,1,False,False,UNKNOWN,DOWN,0
6,19.201,1,3,3,1,False,False,UNKNOWN,DOWN,0
6,19.401,1,3,3,1,False,False,UNKNOWN,STAY,0
6,19.601,1,3,3,1,False,False,UNKNOWN,RIGHT,0
6,19.801,1,3,3,2,False,False,UNKNOWN,STAY,0
6,20.001,1,3,3,2,False,False,UNKNOWN,RIGHT,0
6,20.201,1,3,3,3,False,False,UNKNOWN,RIGHT,0
6,20.401,1,3,3,3,False,False,UNKNOWN,STAY,0
6,20.601,1,3,3,3,False,False,UNKNOWN,STAY,0
6,20.801,1,3,3,3,False,False,UNKNOWN,STAY,0
6,21.001,1,3,3,3,False,False,UNKNOWN,STAY,0
6,21.201,1,3,3,3,False,False,UNKNOWN,UP,0
6,21.401,1,3,2,3,False,False,UNKNOWN,STAY,0
6,21.601,1,3,2,3,False,False,UNKNOWN,STAY,0
6,21.801,1,3,2,3,False,False,UNKNOWN,RIGHT,0
6,22.001,1,3,2,3,False,False,UNKNOWN,STAY,0
6,22.201,1,3,2,3,False,False,UNKNOWN,STAY,0
6,22.401,1,3,2,3,False,False,DOWN,STAY,0
6,22.601,1,3,2,3,False,False,UNKNOWN,DOWN,0
6,22.801,1,3,3,3,False,False,DOWN,STAY,0
6,23.001,1,3,3,3,False,False,UNKNOWN,STAY,0
6,23.201,1,3,3,3,False,False,UNKNOWN,STAY,0
6,23.401,1,3,3,3,False,False,UNKNOWN,STAY,0
6,23.601,1,3,3,3,False,False,UNKNOWN,STAY,0
6,23.801,1,3,3,3,False,False,UNKNOWN,LEFT,0
6,24.001,1,3,3,2,False,False,UNKNOWN,STAY,0
6,24.201,1,3,3,2,False,False,UNKNOWN,STAY,0
6,24.401,1,3,3,2,False,False,UNKNOWN,LEFT,0
6,24.601,1,3,3,1,False,False,UNKNOWN,LEFT,0
6,24.801,1,3,3,1,False,False,UNKNOWN,STAY,0
6,25.001,1,3,3,1,False,False,UNKNOWN,STAY,0
6,25.201,1,3,3,1,False,False,UNKNOWN,STAY,0
6,25.401,1,3,3,1,False,False,UNKNOWN,STAY,0
6,25.601,1,3,3,1,False,False,UNKNOWN,STAY,0
6,25.801,1,3,3,1,False,False,UNKNOWN,LEFT,0
6,26.001,1,3,3,1,False,False,UNKNOWN,STAY,0
6,26.201,1,3,3,1,False,False,UNKNOWN,STAY,0
6,26.401,1,3,3,1,False,False,UNKNOWN,STAY,0
6,26.601,1,3,3,1,False,False,UNKNOWN,STAY,0
6,26.801,1,3,3,1,False,False,UNKNOWN,STAY,0
6,27.001,1,3,3,1,False,False,UNKNOWN,STAY,0
6,27.201,1,3,3,1,False,False,UNKNOWN,STAY,0
6,27.401,1,3,3,1,False,False,UNKNOWN,UP,0
6,27.601,1,3,2,1,False,False,DOWN,STAY,0
6,27.801,1,3,2,1,False,False,UNKNOWN,UP,0
6,28.001,1,3,1,1,False,False,UNKNOWN,STAY,0
6,28.201,1,3,1,1,False,False,UNKNOWN,STAY,0
6,28.401,1,3,1,1,False,False,UNKNOWN,STAY,0
6,28.601,1,3,1,1,False,False,UNKNOWN,RIGHT,0
6,28.801,1,3,1,2,False,False,UNKNOWN,STAY,0
6,29.001,1,3,1,2,False,False,UNKNOWN,STAY,0
6,29.201,1,3,1,2,False,False,UNKNOWN,STAY,0
6,29.401,1,3,1,2,False,False,UNKNOWN,STAY,0
6,29.601,1,3,1,2,False,False,UNKNOWN,RIGHT,0
6,29.801,1,3,1,2,False,False,UNKNOWN,STAY,0
6,30.001,1,3,1,2,False,False,UNKNOWN,STAY,0
6,30.201,1,3,1,2,False,False,UNKNOWN,STAY,0
6,30.401,1,3,1,2,False,False,UNKNOWN,STAY,0
6,30.601,1,3,1,2,False,False,UNKNOWN,STAY,0
6,30.801,1,3,1,2,False,False,UNKNOWN,STAY,0
6,31.001,1,3,1,2,False,False,UNKNOWN,STAY,0
6,31.201,1,3,1,2,False,False,UNKNOWN,STAY,0
6,31.401,1,3,1,2,False,False,UNKNOWN,UP,0
6,31.601,1,3,1,2,False,False,UNKNOWN,STAY,0
6,31.801,1,3,1,2,False,False,DOWN,STAY,0
6,32.001,1,3,1,2,False,False,UNKNOWN,STAY,0
6,32.201,1,3,1,2,False,False,UNKNOWN,STAY,0
6,32.401,1,3,1,2,False,False,UNKNOWN,UP,0
6,32.601,1,3,1,2,False,False,UNKNOWN,STAY,0
6,32.801,1,3,1,2,False,False,UNKNOWN,STAY,0
6,33.001,1,3,1,2,False,False,UNKNOWN,STAY,0
6,33.201,1,3,1,2,False,False,DOWN,UP,0
6,33.401,1,3,1,2,False,False,UNKNOWN,STAY,0
6,33.601,1,3,1,2,False,False,UNKNOWN,STAY,0
6,33.801,1,3,1,2,False,False,UNKNOWN,STAY,0
6,34.001,1,3,1,2,False,False,UNKNOWN,STAY,0
6,34.201,1,3,1,2,False,False,UNKNOWN,STAY,0
6,34.401,1,3,1,2,False,False,UNKNOWN,LEFT,0
6,34.601,1,3,1,1,False,False,UNKNOWN,STAY,0
6,34.801,1,3,1,1,False,False,UNKNOWN,LEFT,0
6,35.001,1,3,1,1,False,False,UNKNOWN,STAY,0
6,35.201,1,3,1,1,False,False,UNKNOWN,DOWN,0
6,35.401,1,3,2,1,False,False,UNKNOWN,STAY,0
6,35.601,1,3,2,1,False,False,UNKNOWN,DOWN,0
6,35.801,1,3,3,1,False,False,UNKNOWN,DOWN,0
6,36.001,1,3,3,1,False,False,UNKNOWN,STAY,0
6,36.201,1,3,3,1,False,False,UNKNOWN,STAY,0
6,36.401,1,3,3,1,False,False,UNKNOWN,RIGHT,0
6,36.601,1,3,3,2,False,False,UNKNOWN,STAY,0
6,36.801,1,3,3,2,False,False,UNKNOWN,RIGHT,0
6,37.001,1,3,3,3,False,False,UNKNOWN,STAY,0
6,37.201,1,3,3,3,False,False,UNKNOWN,STAY,0
6,37.401,1,3,3,3,False,False,UNKNOWN,STAY,0
6,37.601,1,3,3,3,False,False,UNKNOWN,UP,0
6,37.801,1,3,2,3,False,False,DOWN,STAY,0
6,38.001,1,3,2,3,False,False,UNKNOWN,STAY,0
6,38.201,1,3,2,3,False,False,UNKNOWN,UP,0
6,38.401,1,3,2,3,False,False,UNKNOWN,STAY,0
6,38.601,1,3,2,3,False,False,UNKNOWN,STAY,0
6,38.801,1,3,2,3,False,False,UNKNOWN,RIGHT,0
6,39.001,1,3,2,3,False,False,UNKNOWN,STAY,0
6,39.201,1,3,2,3,False,False,UNKNOWN,DOWN,0
6,39.401,1,3,3,3,False,False,UNKNOWN,STAY,0
6,39.601,1,3,3,3,False,False,UNKNOWN,STAY,0
6,39.918,1,3,3,3,False,False,UNKNOWN,DOWN,0
6,40.120,1,3,3,3,False,False,UNKNOWN,STAY,0
6,40.320,1,3,3,3,False,False,UNKNOWN,LEFT,0
6,40.520,1,3,3,2,False,False,UNKNOWN,STAY,0
6,40.720,1,3,3,2,False,False,UNKNOWN,LEFT,0
6,40.920,1,3,3,1,False,False,UNKNOWN,STAY,0
6,41.120,1,3,3,1,False,False,UNKNOWN,STAY,0
6,41.320,1,3,3,1,False,False,UNKNOWN,STAY,0
6,41.520,1,3,3,1,False,False,UNKNOWN,STAY,0
6,41.720,1,3,3,1,False,False,DOWN,STAY,0
6,41.920,1,3,3,1,False,False,UNKNOWN,STAY,0
6,42.120,1,3,3,1,False,False,UNKNOWN,UP,0
6,42.320,1,3,2,1,False,False,UNKNOWN,STAY,0
6,42.520,1,3,2,1,False,False,UNKNOWN,UP,0
6,42.720,1,3,1,1,False,False,UNKNOWN,STAY,0
6,42.920,1,3,1,1,False,False,UNKNOWN,UP,0
6,43.120,1,3,1,1,False,False,UNKNOWN,STAY,0
6,43.320,1,3,1,1,False,False,UNKNOWN,STAY,0
6,43.520,1,3,1,1,False,False,UNKNOWN,STAY,0
6,43.720,1,3,1,1,False,False,UNKNOWN,STAY,0
6,43.920,1,3,1,1,False,False,UNKNOWN,STAY,0
6,44.120,1,3,1,1,False,False,UNKNOWN,STAY,0
6,44.320,1,3,1,1,False,False,DOWN,STAY,0
6,44.520,1,3,1,1,False,False,UNKNOWN,STAY,0
6,44.720,1,3,1,1,False,False,UNKNOWN,STAY,0
6,44.920,1,3,1,1,False,False,UNKNOWN,STAY,0
7,0.200,1,3,3,1,False,False,UNKNOWN,STAY,0
7,0.400,1,3,3,1,False,False,UNKNOWN,STAY,0
7,0.600,1,3,3,1,False,False,UNKNOWN,STAY,0
7,0.800,1,3,3,1,False,False,UNKNOWN,STAY,0
7,1.000,1,3,3,1,False,False,DOWN,STAY,0
7,1.200,2,3,3,1,False,False,UNKNOWN,STAY,0
7,1.400,3,3,3,1,False,False,DOWN,LEFT,0
7,1.600,3,2,3,1,False,False,DOWN,STAY,0
7,1.800,3,2,3,1,False,False,DOWN,STAY,0
7,2.000,3,2,3,1,False,False,DOWN,STAY,0
7,2.200,3,2,3,1,False,False,UNKNOWN,STAY,0
7,2.400,3,3,3,1,False,False,DOWN,UP,0
7,2.600,2,3,2,1,False,False,UNKNOWN,STAY,0
7,2.800,1,3,2,1,False,False,UNKNOWN,STAY,0
7,3.000,1,3,2,1,False,False,UNKNOWN,STAY,0
7,3.200,1,3,2,1,False,False,UNKNOWN,STAY,0
7,3.400,1,3,2,1,False,False,DOWN,STAY,0
7,3.600,1,3,2,1,False,False,DOWN,STAY,0
7,3.800,1,3,2,1,False,False,UP,STAY,0
7,4.000,1,3,2,1,False,False,UNKNOWN,UP,0
7,4.200,1,3,1,1,False,False,UNKNOWN,STAY,0
7,4.400,1,3,1,1,False,False,UNKNOWN,STAY,0
7,4.600,1,3,1,1,False,False,UNKNOWN,STAY,0
7,4.800,1,3,1,1,False,False,DOWN,STAY,0
7,5.000,1,3,1,1,False,False,UNKNOWN,UP,0
7,5.200,1,3,1,1,False,False,DOWN,STAY,0
7,5.400,1,2,1,1,False,False,UNKNOWN,STAY,0
7,5.600,1,2,1,1,False,False,UNKNOWN,STAY,0
7,5.800,1,3,1,1,False,False,UNKNOWN,STAY,0
7,6.000,1,3,1,1,False,False,UP,DOWN,0
7,6.200,1,3,2,1,False,False,UNKNOWN,STAY,0
7,6.400,1,3,2,1,False,False,UNKNOWN,DOWN,0
7,6.600,1,3,3,1,False,False,UNKNOWN,STAY,0
7,6.800,1,3,3,1,False,False,UNKNOWN,DOWN,0
7,7.000,1,3,3,1,False,False,UNKNOWN,STAY,0
7,7.200,1,3,3,1,False,False,DOWN,STAY,0
7,7.400,1,2,3,1,False,False,UNKNOWN,STAY,0
7,7.600,1,1,3,1,False,False,UNKNOWN,STAY,0
7,7.800,1,1,3,1,False,False,UNKNOWN,STAY,0
7,8.000,1,2,3,1,False,False,UNKNOWN,STAY,0
7,8.200,1,3,3,1,False,False,UNKNOWN,STAY,0
7,8.400,1,3,3,1,False,False,UNKNOWN,STAY,0
7,8.600,1,3,3,1,False,False,DOWN,STAY,0
7,8.800,1,3,3,1,False,False,UP,STAY,0
7,9.000,1,3,3,1,False,False,UNKNOWN,STAY,0
7,9.200,1,3,3,1,True,False,UNKNOWN,STAY,0
7,9.400,2,3,3,1,True,False,UNKNOWN,STAY,0
7,9.600,3,3,3,1,True,False,UNKNOWN,STAY,0
7,9.800,3,2,3,1,True,False,UNKNOWN,STAY,0
7,10.000,3,2,3,1,False,False,DOWN,STAY,1
7,10.200,3,2,3,1,False,False,DOWN,STAY,1
7,10.400,3,2,3,1,False,False,UNKNOWN,STAY,1
7,10.600,3,2,3,1,False,False,DOWN,STAY,1
7,10.800,3,2,3,1,False,False,DOWN,STAY,1
7,11.000,3,2,3,1,False,False,DOWN,STAY,1
7,11.200,3,2,3,1,False,False,DOWN,STAY,1
7,11.400,3,2,3,1,False,False,DOWN,STAY,1
7,11.600,3,2,3,1,False,False,DOWN,UP,1
7,11.800,3,1,2,1,False,False,DOWN,STAY,1
7,12.000,3,1,2,1,False,False,UNKNOWN,STAY,1
7,12.200,3,1,2,1,False,False,UNKNOWN,UP,1
7,12.400,3,1,1,1,False,False,UNKNOWN,STAY,1
7,12.600,2,1,1,1,False,False,UNKNOWN,STAY,1
7,12.800,2,1,1,1,False,False,UNKNOWN,STAY,1
7,13.113,2,1,1,1,False,False,UNKNOWN,RIGHT,1
7,13.315,1,1,1,2,False,False,UNKNOWN,STAY,1
7,13.515,1,1,1,2,False,False,UNKNOWN,RIGHT,1
7,13.715,1,2,1,3,False,False,UNKNOWN,STAY,1
7,13.915,1,2,1,3,False,False,UNKNOWN,STAY,1
7,14.115,1,2,1,3,False,False,UNKNOWN,STAY,1
7,14.315,1,2,1,3,False,False,UNKNOWN,STAY,1
7,14.515,1,2,1,3,False,False,UNKNOWN,STAY,1
7,14.715,1,2,1,3,False,False,UNKNOWN,UP,1
7,14.915,1,2,1,3,False,False,DOWN,STAY,1
7,15.115,1,2,1,3,False,False,UNKNOWN,STAY,1
7,15.315,1,2,1,3,False,False,UNKNOWN,STAY,1
7,15.515,1,2,1,3,False,False,UNKNOWN,UP,1
7,15.715,1,2,1,3,False,False,UNKNOWN,STAY,1
7,15.915,1,2,1,3,False,False,UNKNOWN,STAY,1
7,16.115,1,2,1,3,False,False,UNKNOWN,STAY,1
7,16.315,1,1,1,3,False,False,UNKNOWN,STAY,1
7,16.515,1,2,1,3,False,False,UNKNOWN,STAY,1
7,16.715,1,2,1,3,False,False,UNKNOWN,DOWN,1
7,16.915,1,2,2,3,False,False,UNKNOWN,STAY,1
7,17.115,1,3,2,3,False,False,UNKNOWN,STAY,1
7,17.315,1,3,2,3,False,False,UNKNOWN,STAY,1
7,17.515,1,3,2,3,False,False,UNKNOWN,STAY,1
7,17.715,1,3,2,3,False,False,UNKNOWN,DOWN,1
7,17.915,1,3,3,3,False,False,UNKNOWN,STAY,1
7,18.115,1,3,3,3,False,False,UNKNOWN,STAY,1
7,18.315,1,3,3,3,False,False,UNKNOWN,DOWN,1
7,18.515,1,3,3,3,False,False,UNKNOWN,STAY,1
7,18.715,1,3,3,3,False,False,UNKNOWN,STAY,1
7,18.915,1,3,3,3,False,False,UNKNOWN,STAY,1
7,19.115,1,3,3,3,False,False,UNKNOWN,STAY,1
7,19.315,1,3,3,3,False,False,UNKNOWN,LEFT,1
7,19.515,1,3,3,2,False,False,UNKNOWN,STAY,1
7,19.715,1,3,3,2,False,False,UNKNOWN,LEFT,1
7,19.915,1,3,3,1,False,False,UNKNOWN,STAY,1
7,20.115,1,3,3,1,False,False,UNKNOWN,LEFT,1
7,20.315,1,3,3,1,False,False,UNKNOWN,STAY,1
7,20.515,1,3,3,1,False,False,UNKNOWN,STAY,1
7,20.715,1,3,3,1,False,False,UNKNOWN,STAY,1
7,20.915,1,3,3,1,False,False,UNKNOWN,STAY,1
7,21.115,1,3,3,1,False,False,UNKNOWN,UP,1
7,21.315,1,3,2,1,False,False,UNKNOWN,UP,1
7,21.515,1,3,1,1,False,False,UNKNOWN,STAY,1
7,21.715,1,3,1,1,False,False,UNKNOWN,STAY,1
7,21.915,1,3,1,1,False,False,UNKNOWN,RIGHT,1
7,22.115,1,3,1,2,False,False,UNKNOWN,STAY,1
7,22.315,1,3,1,2,False,False,UNKNOWN,STAY,1
7,22.515,1,3,1,2,False,False,DOWN,STAY,1
7,22.715,1,3,1,2,False,False,UNKNOWN,UP,1
7,22.915,1,3,1,2,False,False,DOWN,STAY,1
7,23.115,1,3,1,2,False,False,UNKNOWN,STAY,1
7,23.315,1,3,1,2,False,False,UNKNOWN,STAY,1
7,23.515,1,3,1,2,False,False,UNKNOWN,LEFT,1
7,23.715,1,3,1,1,False,False,UNKNOWN,STAY,1
7,23.915,1,3,1,1,False,False,UNKNOWN,STAY,1
7,24.115,1,3,1,1,False,False,UNKNOWN,STAY,1
7,24.315,1,3,1,1,False,False,UNKNOWN,RIGHT,1
7,24.515,1,3,1,2,False,False,UNKNOWN,RIGHT,1
7,24.715,1,3,1,2,False,False,UNKNOWN,STAY,1
7,24.915,1,3,1,2,False,False,UNKNOWN,RIGHT,1
7,25.115,1,3,1,2,False,False,UNKNOWN,STAY,1
7,25.315,1,3,1,2,False,False,UNKNOWN,STAY,1
7,25.515,1,3,1,2,False,False,UNKNOWN,STAY,1
7,25.715,1,3,1,2,False,False,UNKNOWN,DOWN,1
7,25.915,1,3,1,2,False,False,UNKNOWN,STAY,1
7,26.115,1,3,1,2,False,False,UNKNOWN,STAY,1
7,26.315,1,3,1,2,False,False,UNKNOWN,STAY,1
7,26.515,1,3,1,2,False,False,UNKNOWN,STAY,1
7,26.715,1,3,1,2,False,False,UNKNOWN,STAY,1
7,26.915,1,3,1,2,False,False,UNKNOWN,LEFT,1
7,27.115,1,3,1,1,False,False,UNKNOWN,STAY,1
7,27.315,1,3,1,1,False,False,UNKNOWN,STAY,1
7,27.515,1,3,1,1,False,False,UNKNOWN,STAY,1
7,27.715,1,3,1,1,False,False,DOWN,STAY,1
7,27.915,1,3,1,1,False,False,UNKNOWN,STAY,1
7,28.115,1,3,1,1,False,False,UNKNOWN,STAY,1
7,28.315,1,3,1,1,False,False,UNKNOWN,STAY,1
7,28.515,1,3,1,1,False,False,UNKNOWN,STAY,1
7,28.715,1,3,1,1,False,False,UNKNOWN,DOWN,1
7,28.915,1,3,2,1,False,False,UNKNOWN,DOWN,1
7,29.115,1,3,3,1,False,False,UNKNOWN,STAY,1
7,29.315,1,3,3,1,False,False,UNKNOWN,STAY,1
7,29.515,1,3,3,1,False,False,UNKNOWN,RIGHT,1
7,29.715,1,3,3,2,False,False,UNKNOWN,STAY,1
7,29.915,1,3,3,2,False,False,UNKNOWN,RIGHT,1
7,30.115,1,3,3,3,False,False,UNKNOWN,STAY,1
7,30.315,1,3,3,3,False,False,UNKNOWN,STAY,1
7,30.516,1,3,3,3,False,False,UNKNOWN,STAY,1
7,30.716,1,3,3,3,False,False,UNKNOWN,STAY,1
7,30.916,1,3,3,3,False,False,UNKNOWN,STAY,1
7,31.116,1,3,3,3,False,False,UNKNOWN,STAY,1
7,31.316,1,3,3,3,False,False,UNKNOWN,UP,1
7,31.516,1,3,2,3,False,False,UNKNOWN,STAY,1
7,31.716,1,3,2,3,False,False,UNKNOWN,STAY,1
7,31.916,1,3,2,3,False,False,DOWN,RIGHT,1
7,32.116,1,3,2,3,False,False,UNKNOWN,STAY,1
7,32.316,1,3,2,3,False,False,UNKNOWN,STAY,1
7,32.516,1,3,2,3,False,False,UNKNOWN,STAY,1
7,32.716,1,3,2,3,False,False,UNKNOWN,DOWN,1
7,32.916,1,3,3,3,False,False,UNKNOWN,STAY,1
7,33.116,1,3,3,3,False,False,UNKNOWN,STAY,1
7,33.316,1,3,3,3,False,False,UNKNOWN,STAY,1
7,33.516,1,3,3,3,False,False,UNKNOWN,STAY,1
7,33.716,1,3,3,3,False,False,UNKNOWN,LEFT,1
7,33.916,1,3,3,2,False,False,UNKNOWN,STAY,1
7,34.116,1,3,3,2,False,False,UNKNOWN,STAY,1
7,34.316,1,3,3,2,False,False,UNKNOWN,DOWN,1
7,34.516,1,3,3,2,False,False,UNKNOWN,STAY,1
7,34.716,1,3,3,2,False,False,UNKNOWN,STAY,1
7,34.916,1,3,3,2,False,False,UNKNOWN,STAY,1
7,35.116,1,3,3,2,False,False,UNKNOWN,STAY,1
7,35.316,1,3,3,2,False,False,UNKNOWN,STAY,1
7,35.516,1,3,3,2,False,False,UNKNOWN,STAY,1
7,35.716,1,3,3,2,False,False,UNKNOWN,LEFT,1
7,35.916,1,3,3,1,False,False,UNKNOWN,STAY,1
7,36.116,1,3,3,1,False,False,UNKNOWN,STAY,1
7,36.316,1,3,3,1,False,False,UNKNOWN,LEFT,1
7,36.516,1,3,3,1,False,False,UNKNOWN,STAY,1
7,36.716,1,3,3,1,False,False,UNKNOWN,STAY,1
7,36.916,1,3,3,1,False,False,UNKNOWN,STAY,1
7,37.116,1,3,3,1,False,False,UNKNOWN,STAY,1
7,37.316,1,3,3,1,False,False,DOWN,STAY,1
7,37.516,1,3,3,1,False,False,UNKNOWN,STAY,1
7,37.716,1,3,3,1,False,False,UNKNOWN,STAY,1
7,37.916,1,3,3,1,False,False,DOWN,STAY,1
7,38.116,1,3,3,1,False,False,UNKNOWN,STAY,1
7,38.316,1,3,3,1,False,False,UNKNOWN,STAY,1
7,38.516,1,3,3,1,False,False,UNKNOWN,STAY,1
7,38.716,1,3,3,1,False,False,UNKNOWN,STAY,1
7,38.916,1,3,3,1,False,False,UNKNOWN,STAY,1
7,39.116,1,3,3,1,False,False,UNKNOWN,STAY,1
7,39.316,1,3,3,1,False,False,UNKNOWN,STAY,1
7,39.516,1,3,3,1,False,False,UNKNOWN,STAY,1
7,39.716,1,3,3,1,False,False,UNKNOWN,STAY,1
7,39.916,1,3,3,1,False,False,UNKNOWN,STAY,1
7,40.116,1,3,3,1,False,False,UNKNOWN,STAY,1
7,40.316,1,3,3,1,False,False,UNKNOWN,STAY,1
7,40.516,1,3,3,1,False,False,UNKNOWN,STAY,1
7,40.716,1,3,3,1,False,False,UNKNOWN,STAY,1
7,40.916,1,3,3,1,False,False,UNKNOWN,STAY,1
7,41.116,1,3,3,1,False,False,UNKNOWN,STAY,1
7,41.316,1,3,3,1,False,False,UNKNOWN,STAY,1
7,41.516,1,3,3,1,False,False,UNKNOWN,STAY,1
7,41.716,1,3,3,1,False,False,DOWN,STAY,1
7,41.916,1,3,3,1,False,False,UNKNOWN,UP,1
7,42.116,1,3,2,1,False,False,UNKNOWN,STAY,1
7,42.316,1,3,2,1,False,False,UNKNOWN,STAY,1
7,42.516,1,3,2,1,False,False,UNKNOWN,UP,1
7,42.716,1,3,1,1,False,False,UNKNOWN,STAY,1
7,42.916,1,3,1,1,False,False,UNKNOWN,STAY,1
7,43.116,1,3,1,1,False,False,UNKNOWN,STAY,1
7,43.316,1,3,1,1,False,False,UNKNOWN,STAY,1
7,43.516,1,3,1,1,False,False,UNKNOWN,DOWN,1
7,43.716,1,3,2,1,False,False,UNKNOWN,STAY,1
7,43.916,1,3,2,1,False,False,UNKNOWN,STAY,1
7,44.116,1,3,2,1,False,False,UNKNOWN,DOWN,1
7,44.316,1,3,3,1,False,False,DOWN,STAY,1
7,44.516,1,3,3,1,False,False,UNKNOWN,STAY,1
7,44.716,1,3,3,1,False,False,UNKNOWN,STAY,1
7,44.916,1,3,3,1,False,False,UNKNOWN,UP,1
8,0.200,1,3,3,1,False,False,UNKNOWN,UP,0
8,0.400,1,3,2,1,False,False,UNKNOWN,STAY,0
8,0.600,1,3,2,1,False,False,UNKNOWN,STAY,0
8,0.800,1,3,2,1,False,False,UNKNOWN,STAY,0
8,1.000,1,3,2,1,False,False,DOWN,STAY,0
8,1.200,2,3,2,1,False,False,DOWN,DOWN,0
8,1.400,3,3,3,1,False,False,DOWN,STAY,0
8,1.600,3,2,3,1,False,False,DOWN,DOWN,0
8,1.800,3,2,3,1,False,False,DOWN,STAY,0
8,2.000,3,2,3,1,False,False,DOWN,STAY,0
8,2.200,3,2,3,1,False,False,UNKNOWN,STAY,0
8,2.400,3,3,3,1,False,False,DOWN,UP,0
8,2.600,2,3,2,1,False,False,UNKNOWN,STAY,0
8,2.800,1,3,2,1,False,False,UNKNOWN,STAY,0
8,3.000,1,3,2,1,False,False,UNKNOWN,STAY,0
8,3.200,1,3,2,1,False,False,DOWN,STAY,0
8,3.400,2,3,2,1,False,False,DOWN,STAY,0
8,3.600,3,3,2,1,False,False,DOWN,STAY,0
8,3.800,3,2,2,1,False,False,UP,STAY,0
8,4.000,3,1,2,1,False,False,UNKNOWN,UP,0
8,4.200,3,1,1,1,False,False,UNKNOWN,STAY,0
8,4.400,2,1,1,1,False,False,UNKNOWN,STAY,0
8,4.600,2,1,1,1,False,False,UNKNOWN,RIGHT,0
8,4.800,1,1,1,2,False,False,UNKNOWN,STAY,0
8,5.000,1,1,1,2,False,False,UNKNOWN,STAY,0
8,5.200,1,1,1,2,False,False,UNKNOWN,STAY,0
8,5.400,1,1,1,2,False,False,UNKNOWN,RIGHT,0
8,5.600,1,2,1,3,False,False,UNKNOWN,STAY,0
8,5.800,1,2,1,3,False,False,UNKNOWN,STAY,0
8,6.000,1,2,1,3,False,False,UP,STAY,0
8,6.200,1,2,1,3,False,False,UNKNOWN,STAY,0
8,6.400,1,2,1,3,False,False,UNKNOWN,STAY,0
8,6.600,1,2,1,3,False,False,UNKNOWN,UP,0
8,6.800,1,2,1,3,False,False,UNKNOWN,STAY,0
8,7.000,1,2,1,3,False,False,UNKNOWN,STAY,0
8,7.200,1,2,1,3,False,False,UNKNOWN,STAY,0
8,7.400,1,2,1,3,False,False,DOWN,STAY,0
8,7.600,1,2,1,3,False,False,UNKNOWN,UP,0
8,7.800,1,2,1,3,False,False,UNKNOWN,STAY,0
8,8.000,1,2,1,3,False,False,UNKNOWN,STAY,0
8,8.200,1,2,1,3,False,False,UNKNOWN,STAY,0
8,8.400,1,2,1,3,False,False,UNKNOWN,STAY,0
8,8.600,1,2,1,3,False,False,UNKNOWN,STAY,0
8,8.800,1,2,1,3,False,False,UNKNOWN,UP,0
8,9.000,1,2,1,3,False,False,UNKNOWN,STAY,0
8,9.200,1,2,1,3,False,False,UNKNOWN,STAY,0
8,9.400,1,2,1,3,False,False,UNKNOWN,STAY,0
8,9.600,1,2,1,3,False,False,UNKNOWN,STAY,0
8,9.800,1,2,1,3,False,False,UNKNOWN,STAY,0
8,10.000,1,2,1,3,False,False,UNKNOWN,STAY,0
8,10.200,1,2,1,3,False,False,UNKNOWN,STAY,0
8,10.400,1,2,1,3,False,False,UNKNOWN,RIGHT,0
8,10.600,1,2,1,3,False,False,UNKNOWN,STAY,0
8,10.800,1,1,1,3,False,False,UNKNOWN,STAY,0
8,11.000,1,1,1,3,False,False,UNKNOWN,STAY,0
8,11.200,1,1,1,3,False,False,UNKNOWN,STAY,0
8,11.512,1,1,1,3,False,False,UNKNOWN,RIGHT,0
8,11.713,1,1,1,3,False,True,UNKNOWN,STAY,0
8,11.913,1,1,1,3,False,True,UNKNOWN,STAY,0
8,12.113,1,2,1,3,False,True,UP,STAY,0
8,12.313,1,2,1,3,False,True,UNKNOWN,DOWN,0
8,12.513,1,2,2,3,False,True,UNKNOWN,STAY,0
8,12.713,1,2,2,3,False,True,UNKNOWN,STAY,0
8,12.913,1,3,2,3,False,True,UNKNOWN,DOWN,0
8,13.113,1,3,3,3,False,True,UNKNOWN,STAY,0
8,13.313,1,3,3,3,False,True,UP,STAY,0
8,13.513,1,3,3,3,False,True,DOWN,STAY,0
8,13.713,1,3,3,3,False,True,UNKNOWN,STAY,0
8,13.913,2,3,3,3,False,True,UNKNOWN,STAY,0
8,14.113,2,3,3,3,False,True,UNKNOWN,LEFT,0
8,14.313,3,3,3,2,False,True,UNKNOWN,STAY,0
8,14.513,3,3,3,2,False,True,UNKNOWN,STAY,0
8,14.713,3,3,3,2,False,True,UNKNOWN,STAY,0
8,14.913,3,3,3,2,False,True,UNKNOWN,DOWN,0
8,15.113,3,3,3,2,False,False,UNKNOWN,STAY,1
8,15.313,3,3,3,2,False,False,UP,STAY,1
8,15.513,2,3,3,2,False,False,UP,STAY,1
8,15.713,1,3,3,2,False,False,UP,STAY,1
8,15.914,1,3,3,2,False,False,UNKNOWN,STAY,1
8,16.114,1,3,3,2,True,False,UNKNOWN,STAY,1
8,16.314,2,3,3,2,True,False,UNKNOWN,STAY,1
8,16.514,3,3,3,2,True,False,UNKNOWN,STAY,1
8,16.714,3,3,3,2,True,False,UNKNOWN,STAY,1
8,16.914,3,3,3,2,True,False,UNKNOWN,LEFT,1
8,17.114,3,2,3,1,True,False,UNKNOWN,STAY,1
8,17.314,3,2,3,1,False,False,DOWN,STAY,2
8,17.514,3,2,3,1,False,False,DOWN,STAY,2
8,17.714,3,2,3,1,False,False,UNKNOWN,STAY,2
8,17.914,3,3,3,1,False,False,UNKNOWN,STAY,2
8,18.114,2,3,3,1,False,False,DOWN,STAY,2
8,18.314,1,3,3,1,False,False,DOWN,STAY,2
8,18.514,1,3,3,1,False,False,DOWN,STAY,2
8,18.714,2,3,3,1,False,False,UNKNOWN,DOWN,2
8,18.914,3,3,3,1,False,False,DOWN,STAY,2
8,19.114,3,2,3,1,False,False,DOWN,STAY,2
8,19.314,3,2,3,1,False,False,DOWN,STAY,2
8,19.514,3,2,3,1,False,False,UNKNOWN,UP,2
8,19.714,3,2,2,1,False,False,UNKNOWN,STAY,2
8,19.914,3,2,2,1,False,False,DOWN,STAY,2
8,20.114,3,1,2,1,False,False,UNKNOWN,UP,2
8,20.314,3,1,1,1,False,False,UNKNOWN,STAY,2
8,20.514,2,1,1,1,False,False,UNKNOWN,STAY,2
8,20.714,2,1,1,1,False,False,UNKNOWN,STAY,2
8,20.914,2,1,1,1,False,False,UNKNOWN,STAY,2
8,21.114,2,1,1,1,False,False,UNKNOWN,RIGHT,2
8,21.314,1,1,1,2,False,False,UNKNOWN,STAY,2
8,21.514,1,1,1,2,False,False,UNKNOWN,STAY,2
8,21.714,1,1,1,2,False,False,UNKNOWN,STAY,2
8,21.914,1,1,1,2,False,False,UNKNOWN,RIGHT,2
8,22.114,1,2,1,3,False,False,UNKNOWN,STAY,2
8,22.314,1,2,1,3,False,False,UNKNOWN,STAY,2
8,22.514,1,2,1,3,False,False,DOWN,STAY,2
8,22.714,1,2,1,3,False,False,UNKNOWN,STAY,2
8,22.914,1,2,1,3,False,False,DOWN,UP,2
8,23.114,1,2,1,3,False,False,UNKNOWN,STAY,2
8,23.314,1,2,1,3,False,False,UNKNOWN,STAY,2
8,23.514,1,2,1,3,False,False,UNKNOWN,STAY,2
8,23.714,1,2,1,3,False,False,UNKNOWN,STAY,2
8,23.914,1,2,1,3,False,False,UNKNOWN,UP,2
8,24.114,1,2,1,3,False,False,UNKNOWN,STAY,2
8,24.314,1,2,1,3,False,False,UNKNOWN,STAY,2
8,24.514,1,2,1,3,False,False,UNKNOWN,STAY,2
8,24.714,1,2,1,3,False,False,UNKNOWN,STAY,2
8,24.914,1,2,1,3,False,False,UNKNOWN,STAY,2
8,25.114,1,2,1,3,False,False,UNKNOWN,STAY,2
8,25.314,1,2,1,3,False,False,UNKNOWN,STAY,2
8,25.514,1,2,1,3,False,False,UNKNOWN,STAY,2
8,25.714,1,2,1,3,False,False,UNKNOWN,UP,2
8,25.914,1,2,1,3,False,False,UNKNOWN,STAY,2
8,26.114,1,2,1,3,False,False,UNKNOWN,STAY,2
8,26.314,1,2,1,3,False,False,UNKNOWN,STAY,2
8,26.514,1,2,1,3,False,False,UNKNOWN,RIGHT,2
8,26.714,1,2,1,3,False,False,UNKNOWN,STAY,2
8,26.914,1,1,1,3,False,False,UNKNOWN,STAY,2
8,27.114,1,1,1,3,False,False,UNKNOWN,STAY,2
8,27.314,1,1,1,3,False,False,UNKNOWN,STAY,2
8,27.514,1,2,1,3,False,False,UNKNOWN,STAY,2
8,27.714,1,2,1,3,False,False,DOWN,RIGHT,2
8,27.914,1,2,1,3,False,True,DOWN,STAY,2
8,28.114,1,2,1,3,False,True,UNKNOWN,STAY,2
8,28.314,1,2,1,3,False,True,UNKNOWN,STAY,2
8,28.514,1,2,1,3,False,True,UNKNOWN,STAY,2
8,28.714,1,2,1,3,False,True,UNKNOWN,DOWN,2
8,28.914,1,2,2,3,False,True,UNKNOWN,STAY,2
8,29.114,1,3,2,3,False,True,UNKNOWN,STAY,2
8,29.314,1,3,2,3,False,True,UNKNOWN,STAY,2
8,29.514,1,3,2,3,False,True,UP,DOWN,2
8,29.714,1,3,3,3,False,True,UP,STAY,2
8,29.914,1,3,3,3,False,True,UP,STAY,2
8,30.114,1,3,3,3,False,True,UP,STAY,2
8,30.314,1,3,3,3,False,True,UP,STAY,2
8,30.514,1,3,3,3,False,True,UP,STAY,2
8,30.714,1,3,3,3,False,True,UP,STAY,2
8,30.914,1,3,3,3,False,True,UP,STAY,2
8,31.114,1,3,3,3,False,True,UP,STAY,2
8,31.314,1,3,3,3,False,True,UP,STAY,2
8,31.514,1,3,3,3,False,True,UP,LEFT,2
8,31.714,1,3,3,2,False,True,DOWN,STAY,2
8,31.914,1,3,3,2,False,True,UNKNOWN,STAY,2
8,32.114,2,3,3,2,False,True,UNKNOWN,STAY,2
8,32.314,3,3,3,2,False,True,UNKNOWN,DOWN,2
8,32.514,3,3,3,2,False,False,UNKNOWN,STAY,3
8,32.714,3,3,3,2,False,False,UP,STAY,3
8,32.914,2,3,3,2,False,False,UP,STAY,3
8,33.114,1,3,3,2,False,False,UP,STAY,3
8,33.314,1,3,3,2,False,False,UNKNOWN,STAY,3
8,33.514,1,3,3,2,True,False,UNKNOWN,STAY,3
8,33.714,2,3,3,2,True,False,UNKNOWN,STAY,3
8,33.914,3,3,3,2,True,False,UNKNOWN,LEFT,3
8,34.114,3,2,3,1,True,False,UNKNOWN,STAY,3
8,34.314,3,2,3,1,False,False,UNKNOWN,STAY,4
8,34.514,3,3,3,1,False,False,DOWN,STAY,4
8,34.714,2,3,3,1,False,False,DOWN,STAY,4
8,34.914,1,3,3,1,False,False,UNKNOWN,STAY,4
8,35.114,1,3,3,1,False,False,UNKNOWN,DOWN,4
8,35.314,1,3,3,1,False,False,DOWN,STAY,4
8,35.514,2,3,3,1,False,False,DOWN,STAY,4
8,35.714,3,3,3,1,False,False,DOWN,STAY,4
8,35.914,3,2,3,1,False,False,DOWN,STAY,4
8,36.114,3,2,3,1,False,False,UNKNOWN,STAY,4
8,36.314,3,2,3,1,False,False,DOWN,STAY,4
8,36.514,3,2,3,1,False,False,DOWN,STAY,4
8,36.714,3,2,3,1,False,False,DOWN,STAY,4
8,36.914,3,2,3,1,False,False,DOWN,UP,4
8,37.114,3,1,2,1,False,False,DOWN,STAY,4
8,37.314,3,1,2,1,False,False,UNKNOWN,STAY,4
8,37.514,3,1,2,1,False,False,UNKNOWN,UP,4
8,37.714,3,1,1,1,False,False,UNKNOWN,STAY,4
8,37.914,3,2,1,1,False,False,DOWN,STAY,4
8,38.114,3,3,1,1,False,False,DOWN,STAY,4
8,38.314,2,3,1,1,False,False,UNKNOWN,RIGHT,4
8,38.514,1,3,1,2,False,False,UNKNOWN,STAY,4
8,38.714,1,3,1,2,False,False,UNKNOWN,STAY,4
8,38.914,1,3,1,2,False,False,DOWN,STAY,4
8,39.114,1,3,1,2,False,False,UP,STAY,4
8,39.314,1,3,1,2,False,False,UNKNOWN,STAY,4
8,39.514,1,3,1,2,True,False,UNKNOWN,STAY,4
8,39.714,2,3,1,2,True,False,UNKNOWN,STAY,4
8,39.914,3,3,1,2,True,False,UNKNOWN,STAY,4
8,40.114,3,2,1,2,True,False,UNKNOWN,STAY,4
8,40.314,3,2,1,2,False,False,DOWN,RIGHT,5
8,40.514,3,1,1,3,False,False,DOWN,STAY,5
8,40.714,3,1,1,3,False,False,UNKNOWN,STAY,5
8,40.914,3,1,1,3,False,False,UNKNOWN,STAY,5
8,41.114,2,1,1,3,False,False,UNKNOWN,STAY,5
8,41.314,1,1,1,3,False,False,UNKNOWN,STAY,5
8,41.514,1,2,1,3,False,False,UNKNOWN,UP,5
8,41.714,1,2,1,3,False,False,DOWN,STAY,5
8,41.914,1,2,1,3,False,False,UNKNOWN,STAY,5
8,42.114,1,2,1,3,False,False,UNKNOWN,STAY,5
8,42.314,1,2,1,3,False,False,UNKNOWN,STAY,5
8,42.514,1,2,1,3,False,False,UNKNOWN,DOWN,5
8,42.714,1,3,2,3,False,False,UNKNOWN,STAY,5
8,42.914,1,3,2,3,False,False,DOWN,STAY,5
8,43.114,1,3,2,3,False,False,UNKNOWN,STAY,5
8,43.314,1,3,2,3,False,False,UNKNOWN,STAY,5
8,43.514,1,3,2,3,False,False,UNKNOWN,STAY,5
8,43.714,1,3,2,3,False,False,UNKNOWN,STAY,5
8,43.915,1,3,2,3,False,False,UNKNOWN,STAY,5
8,44.115,1,3,2,3,False,False,UNKNOWN,DOWN,5
8,44.315,1,3,3,3,False,False,DOWN,STAY,5
8,44.515,1,3,3,3,False,False,UNKNOWN,STAY,5
8,44.715,1,3,3,3,False,False,UNKNOWN,STAY,5
8,44.915,1,3,3,3,False,False,UNKNOWN,STAY,5
9,0.200,1,3,3,1,False,False,UNKNOWN,LEFT,0
9,0.400,1,3,3,1,False,False,UNKNOWN,STAY,0
9,0.600,1,3,3,1,False,False,UNKNOWN,STAY,0
9,0.800,1,3,3,1,False,False,UNKNOWN,STAY,0
9,1.000,1,3,3,1,False,False,DOWN,STAY,0
9,1.200,1,3,3,1,False,False,UNKNOWN,STAY,0
9,1.400,1,3,3,1,False,False,UNKNOWN,STAY,0
9,1.600,1,3,3,1,False,False,UNKNOWN,STAY,0
9,1.800,1,3,3,1,False,False,UNKNOWN,STAY,0
9,2.000,1,3,3,1,False,False,DOWN,UP,0
9,2.200,1,3,2,1,False,False,UNKNOWN,UP,0
9,2.400,1,3,1,1,False,False,DOWN,STAY,0
9,2.600,1,3,1,1,False,False,UNKNOWN,STAY,0
9,2.800,1,3,1,1,False,False,UNKNOWN,STAY,0
9,3.000,1,3,1,1,False,False,UNKNOWN,STAY,0
9,3.200,1,3,1,1,False,False,UNKNOWN,STAY,0
9,3.400,1,3,1,1,False,False,DOWN,STAY,0
9,3.600,1,3,1,1,False,False,DOWN,STAY,0
9,3.800,1,3,1,1,False,False,UP,STAY,0
9,4.000,1,3,1,1,False,False,UNKNOWN,UP,0
9,4.200,1,3,1,1,False,False,UNKNOWN,STAY,0
9,4.400,1,3,1,1,False,False,UNKNOWN,STAY,0
9,4.600,1,3,1,1,False,False,UNKNOWN,STAY,0
9,4.800,1,3,1,1,False,False,DOWN,STAY,0
9,5.000,1,2,1,1,False,False,UNKNOWN,DOWN,0
9,5.200,1,1,2,1,False,False,UNKNOWN,STAY,0
9,5.400,1,2,2,1,False,False,UNKNOWN,STAY,0
9,5.600,1,3,2,1,False,False,UNKNOWN,DOWN,0
9,5.800,1,3,3,1,False,False,UNKNOWN,STAY,0
9,6.000,1,3,3,1,False,False,UP,DOWN,0
9,6.200,1,3,3,1,False,False,UNKNOWN,STAY,0
9,6.400,1,3,3,1,False,False,UNKNOWN,STAY,0
9,6.600,1,3,3,1,False,False,UNKNOWN,STAY,0
9,6.800,1,3,3,1,False,False,DOWN,STAY,0
9,7.000,1,2,3,1,False,False,UNKNOWN,STAY,0
9,7.200,1,1,3,1,False,False,UNKNOWN,STAY,0
9,7.400,1,1,3,1,False,False,UNKNOWN,STAY,0
9,7.600,1,2,3,1,False,False,UNKNOWN,RIGHT,0
9,7.800,1,3,3,2,False,False,UNKNOWN,STAY,0
9,8.000,1,3,3,2,False,False,UNKNOWN,STAY,0
9,8.200,1,3,3,2,False,False,UNKNOWN,STAY,0
9,8.400,1,3,3,2,False,False,UP,STAY,0
9,8.600,1,3,3,2,False,False,UNKNOWN,RIGHT,0
9,8.800,1,3,3,3,True,False,UNKNOWN,STAY,0
9,9.000,2,3,3,3,True,False,UNKNOWN,STAY,0
9,9.200,2,3,3,3,True,False,UNKNOWN,STAY,0
9,9.400,2,3,3,3,True,False,UNKNOWN,STAY,0
9,9.600,2,3,3,3,True,False,UNKNOWN,DOWN,0
9,9.800,2,3,3,3,True,False,UNKNOWN,STAY,0
9,10.000,2,3,3,3,True,False,UNKNOWN,STAY,0
9,10.200,2,3,3,3,True,False,UNKNOWN,STAY,0
9,10.400,2,3,3,3,True,False,UNKNOWN,STAY,0
9,10.600,2,3,3,3,True,False,UNKNOWN,DOWN,0
9,10.800,2,3,3,3,True,False,UNKNOWN,STAY,0
9,11.000,2,3,3,3,True,False,UNKNOWN,STAY,0
9,11.200,2,3,3,3,True,False,UNKNOWN,STAY,0
9,11.400,2,3,3,3,True,False,UNKNOWN,STAY,0
9,11.600,2,3,3,3,True,False,UNKNOWN,LEFT,0
9,11.800,3,3,3,2,True,False,UNKNOWN,STAY,0
9,12.000,3,3,3,2,True,False,UNKNOWN,LEFT,0
9,12.200,3,2,3,1,True,False,UNKNOWN,STAY,0
9,12.400,3,2,3,1,False,False,DOWN,STAY,1
9,12.600,3,2,3,1,False,False,UNKNOWN,STAY,1
9,12.800,3,3,3,1,False,False,DOWN,STAY,1
9,13.000,3,2,3,1,False,False,DOWN,STAY,1
9,13.200,3,2,3,1,False,False,UNKNOWN,STAY,1
9,13.400,3,3,3,1,False,False,DOWN,STAY,1
9,13.600,2,3,3,1,False,False,UNKNOWN,STAY,1
9,13.800,1,3,3,1,False,False,UNKNOWN,STAY,1
9,14.000,1,3,3,1,False,False,DOWN,STAY,1
9,14.200,2,3,3,1,False,False,DOWN,STAY,1
9,14.400,3,3,3,1,False,False,DOWN,STAY,1
9,14.600,3,2,3,1,False,False,DOWN,STAY,1
9,14.800,3,2,3,1,False,False,DOWN,UP,1
9,15.000,3,1,2,1,False,False,UNKNOWN,STAY,1
9,15.201,3,1,2,1,False,False,DOWN,UP,1
9,15.401,3,1,1,1,False,False,UNKNOWN,STAY,1
9,15.601,3,2,1,1,False,False,UNKNOWN,STAY,1
9,15.801,3,3,1,1,False,False,UNKNOWN,STAY,1
9,16.001,2,3,1,1,False,False,UNKNOWN,RIGHT,1
9,16.201,1,3,1,2,False,False,UNKNOWN,STAY,1
9,16.401,1,3,1,2,False,False,UNKNOWN,STAY,1
9,16.601,1,3,1,2,False,False,UP,STAY,1
9,16.801,1,3,1,2,False,False,UNKNOWN,STAY,1
9,17.001,1,3,1,2,True,False,UNKNOWN,STAY,1
9,17.201,2,3,1,2,True,False,UNKNOWN,STAY,1
9,17.401,3,3,1,2,True,False,UNKNOWN,STAY,1
9,17.601,3,2,1,2,True,False,UNKNOWN,RIGHT,1
9,17.801,3,2,1,3,False,False,DOWN,STAY,2
9,18.001,3,1,1,3,False,False,DOWN,STAY,2
9,18.201,3,1,1,3,False,False,UNKNOWN,STAY,2
9,18.401,2,1,1,3,False,False,UNKNOWN,STAY,2
9,18.601,1,1,1,3,False,False,UNKNOWN,UP,2
9,18.801,1,2,1,3,False,False,UNKNOWN,STAY,2
9,19.001,1,2,1,3,False,False,UNKNOWN,STAY,2
9,19.201,1,2,1,3,False,False,UNKNOWN,STAY,2
9,19.401,1,2,1,3,False,False,UNKNOWN,STAY,2
9,19.601,1,2,1,3,False,False,UNKNOWN,STAY,2
9,19.801,1,2,1,3,False,False,UNKNOWN,STAY,2
9,20.001,1,2,1,3,False,False,UNKNOWN,STAY,2
9,20.201,1,2,1,3,False,False,UNKNOWN,STAY,2
9,20.401,1,2,1,3,False,False,UNKNOWN,STAY,2
9,20.601,1,2,1,3,False,False,UNKNOWN,DOWN,2
9,20.801,1,2,2,3,False,False,UNKNOWN,STAY,2
9,21.001,1,2,2,3,False,False,UNKNOWN,STAY,2
9,21.201,1,2,2,3,False,False,UNKNOWN,UP,2
9,21.401,1,3,2,3,False,False,DOWN,STAY,2
9,21.601,1,3,2,3,False,False,UNKNOWN,STAY,2
9,21.801,1,3,2,3,False,False,DOWN,STAY,2
9,22.001,1,3,2,3,False,False,UNKNOWN,STAY,2
9,22.201,1,3,2,3,False,False,UNKNOWN,DOWN,2
9,22.401,1,3,3,3,False,False,DOWN,STAY,2
9,22.601,1,3,3,3,False,False,UNKNOWN,STAY,2
9,22.801,1,3,3,3,False,False,DOWN,DOWN,2
9,23.001,1,3,3,3,False,False,UNKNOWN,STAY,2
9,23.201,1,3,3,3,False,False,UNKNOWN,STAY,2
9,23.401,1,3,3,3,False,False,UNKNOWN,LEFT,2
9,23.601,1,3,3,2,False,False,UNKNOWN,STAY,2
9,23.801,1,3,3,2,False,False,UNKNOWN,LEFT,2
9,24.001,1,3,3,1,False,False,UNKNOWN,LEFT,2
9,24.201,1,3,3,1,False,False,UNKNOWN,STAY,2
9,24.401,1,3,3,1,False,False,UNKNOWN,LEFT,2
9,24.601,1,3,3,1,False,False,DOWN,STAY,2
9,24.801,1,3,3,1,False,False,UNKNOWN,UP,2
9,25.001,1,3,2,1,False,False,UNKNOWN,STAY,2
9,25.201,1,3,2,1,False,False,UNKNOWN,UP,2
9,25.401,1,3,1,1,False,False,DOWN,STAY,2
9,25.601,1,3,1,1,False,False,UNKNOWN,STAY,2
9,25.801,1,3,1,1,False,False,UNKNOWN,STAY,2
9,26.001,1,3,1,1,False,False,UNKNOWN,RIGHT,2
9,26.201,1,3,1,2,False,False,UNKNOWN,STAY,2
9,26.401,1,3,1,2,False,False,UNKNOWN,STAY,2
9,26.601,1,3,1,2,False,False,UNKNOWN,STAY,2
9,26.801,1,3,1,2,False,False,UNKNOWN,STAY,2
9,27.001,1,3,1,2,False,False,DOWN,STAY,2
9,27.201,1,3,1,2,False,False,UNKNOWN,STAY,2
9,27.401,1,3,1,2,False,False,UNKNOWN,STAY,2
9,27.601,1,3,1,2,False,False,DOWN,STAY,2
9,27.801,1,3,1,2,False,False,DOWN,STAY,2
9,28.001,1,3,1,2,False,False,UNKNOWN,UP,2
9,28.201,1,3,1,2,False,False,UNKNOWN,STAY,2
9,28.401,1,3,1,2,False,False,UNKNOWN,STAY,2
9,28.601,1,3,1,2,False,False,UNKNOWN,STAY,2
9,28.801,1,3,1,2,False,False,UNKNOWN,STAY,2
9,29.001,1,3,1,2,False,False,UNKNOWN,STAY,2
9,29.201,1,3,1,2,False,False,UNKNOWN,STAY,2
9,29.401,1,3,1,2,False,False,UNKNOWN,STAY,2
9,29.601,1,3,1,2,False,False,UNKNOWN,STAY,2
9,29.801,1,3,1,2,False,False,DOWN,STAY,2
9,30.001,1,3,1,2,False,False,UNKNOWN,STAY,2
9,30.201,1,3,1,2,False,False,UNKNOWN,STAY,2
9,30.401,1,3,1,2,False,False,UNKNOWN,STAY,2
9,30.601,1,3,1,2,False,False,DOWN,STAY,2
9,30.801,1,3,1,2,False,False,UNKNOWN,STAY,2
9,31.001,1,3,1,2,False,False,UNKNOWN,STAY,2
9,31.201,1,3,1,2,False,False,UNKNOWN,STAY,2
9,31.401,1,3,1,2,False,False,UNKNOWN,STAY,2
9,31.601,1,3,1,2,False,False,UNKNOWN,STAY,2
9,31.801,1,3,1,2,False,False,DOWN,STAY,2
9,32.001,1,3,1,2,False,False,UNKNOWN,STAY,2
9,32.201,1,3,1,2,False,False,UNKNOWN,STAY,2
9,32.401,1,3,1,2,False,False,UNKNOWN,LEFT,2
9,32.601,1,3,1,1,False,False,DOWN,STAY,2
9,32.801,1,3,1,1,False,False,UNKNOWN,STAY,2
9,33.001,1,3,1,1,False,False,UNKNOWN,RIGHT,2
9,33.201,1,3,1,2,False,False,DOWN,STAY,2
9,33.401,1,3,1,2,False,False,DOWN,STAY,2
9,33.601,1,3,1,2,False,False,UNKNOWN,STAY,2
9,33.801,1,3,1,2,False,False,UNKNOWN,UP,2
9,34.001,1,3,1,2,False,False,UNKNOWN,STAY,2
9,34.201,1,3,1,2,False,False,UNKNOWN,STAY,2
9,34.401,1,3,1,2,False,False,UNKNOWN,STAY,2
9,34.601,1,3,1,2,False,False,UNKNOWN,RIGHT,2
9,34.801,1,3,1,2,False,False,UNKNOWN,STAY,2
9,35.001,1,3,1,2,False,False,UNKNOWN,LEFT,2
9,35.201,1,3,1,1,False,False,UNKNOWN,STAY,2
9,35.401,1,2,1,1,False,False,UNKNOWN,STAY,2
9,35.601,1,3,1,1,False,False,DOWN,STAY,2
9,35.801,1,3,1,1,False,False,UNKNOWN,STAY,2
9,36.001,1,3,1,1,False,False,UNKNOWN,STAY,2
9,36.201,1,3,1,1,False,False,UNKNOWN,STAY,2
9,36.401,1,3,1,1,False,False,DOWN,STAY,2
9,36.601,1,3,1,1,False,False,UNKNOWN,STAY,2
9,36.801,1,3,1,1,False,False,UNKNOWN,RIGHT,2
9,37.001,1,3,1,2,False,False,UNKNOWN,STAY,2
9,37.201,1,3,1,2,False,False,DOWN,STAY,2
9,37.401,1,3,1,2,False,False,UNKNOWN,LEFT,2
9,37.601,1,3,1,1,False,False,UNKNOWN,STAY,2
9,37.801,1,3,1,1,False,False,DOWN,STAY,2
9,38.001,1,3,1,1,False,False,UNKNOWN,LEFT,2
9,38.201,1,3,1,1,False,False,UNKNOWN,STAY,2
9,38.401,1,3,1,1,False,False,UNKNOWN,STAY,2
9,38.601,1,3,1,1,False,False,UNKNOWN,RIGHT,2
9,38.801,1,3,1,2,False,False,DOWN,STAY,2
9,39.001,1,3,1,2,False,False,UNKNOWN,LEFT,2
9,39.201,1,3,1,1,False,False,DOWN,STAY,2
9,39.402,1,3,1,1,False,False,DOWN,STAY,2
9,39.602,1,3,1,1,False,False,UNKNOWN,STAY,2
9,39.802,1,3,1,1,False,False,DOWN,STAY,2
9,40.002,1,3,1,1,False,False,UNKNOWN,LEFT,2
9,40.202,1,3,1,1,False,False,UNKNOWN,STAY,2
9,40.402,1,3,1,1,False,False,UNKNOWN,RIGHT,2
9,40.602,1,3,1,2,False,False,UNKNOWN,STAY,2
9,40.802,1,3,1,2,False,False,UNKNOWN,STAY,2
9,41.002,1,3,1,2,False,False,UNKNOWN,DOWN,2
9,41.202,1,3,1,2,False,False,UNKNOWN,STAY,2
9,41.402,1,3,1,2,False,False,UNKNOWN,STAY,2
9,41.602,1,3,1,2,False,False,DOWN,LEFT,2
9,41.802,1,3,1,1,False,False,UNKNOWN,STAY,2
9,42.002,1,3,1,1,False,False,UNKNOWN,LEFT,2
9,42.202,1,3,1,1,False,False,UNKNOWN,STAY,2
9,42.402,1,3,1,1,False,False,UNKNOWN,STAY,2
9,42.602,1,3,1,1,False,False,UNKNOWN,STAY,2
9,42.802,1,3,1,1,False,False,DOWN,STAY,2
9,43.002,1,3,1,1,False,False,UNKNOWN,STAY,2
9,43.202,1,3,1,1,False,False,UNKNOWN,STAY,2
9,43.402,1,3,1,1,False,False,UNKNOWN,STAY,2
9,43.602,1,3,1,1,False,False,DOWN,STAY,2
9,43.802,1,3,1,1,False,False,UNKNOWN,LEFT,2
9,44.002,1,3,1,1,False,False,UNKNOWN,STAY,2
9,44.202,1,3,1,1,False,False,DOWN,STAY,2
9,44.402,1,3,1,1,False,False,UNKNOWN,DOWN,2
9,44.602,1,3,2,1,False,False,UNKNOWN,STAY,2
9,44.802,1,3,2,1,False,False,UNKNOWN,STAY,2
10,0.200,1,3,3,1,False,False,UNKNOWN,STAY,0
10,0.400,1,3,3,1,False,False,UNKNOWN,STAY,0
10,0.600,1,3,3,1,False,False,UNKNOWN,DOWN,0
10,0.800,1,3,3,1,False,False,UNKNOWN,STAY,0
10,1.000,1,3,3,1,False,False,DOWN,STAY,0
10,1.200,2,3,3,1,False,False,DOWN,STAY,0
10,1.400,3,3,3,1,False,False,DOWN,STAY,0
10,1.600,3,2,3,1,False,False,DOWN,STAY,0
10,1.800,3,2,3,1,False,False,DOWN,UP,0
10,2.000,3,1,2,1,False,False,DOWN,STAY,0
10,2.200,3,1,2,1,False,False,UNKNOWN,STAY,0
10,2.400,3,2,2,1,False,False,UNKNOWN,UP,0
10,2.600,3,3,1,1,False,False,UNKNOWN,STAY,0
10,2.800,2,3,1,1,False,False,UNKNOWN,STAY,0
10,3.000,1,3,1,1,False,False,UNKNOWN,STAY,0
10,3.200,1,3,1,1,False,False,UNKNOWN,STAY,0
10,3.400,1,3,1,1,False,False,DOWN,STAY,0
10,3.600,1,3,1,1,False,False,UP,STAY,0
10,3.800,1,3,1,1,False,False,UNKNOWN,STAY,0
10,4.000,1,3,1,1,True,False,UNKNOWN,STAY,0
10,4.200,2,3,1,1,True,False,UNKNOWN,STAY,0
10,4.400,3,3,1,1,True,False,UNKNOWN,RIGHT,0
10,4.600,3,2,1,2,True,False,UNKNOWN,STAY,0
10,4.800,3,2,1,2,False,False,DOWN,STAY,1
10,5.000,3,1,1,2,False,False,DOWN,RIGHT,1
10,5.200,3,1,1,3,False,False,UNKNOWN,STAY,1
10,5.400,2,1,1,3,False,False,UNKNOWN,STAY,1
10,5.600,1,1,1,3,False,False,UNKNOWN,STAY,1
10,5.800,1,2,1,3,False,False,UNKNOWN,UP,1
10,6.000,1,2,1,3,False,False,DOWN,STAY,1
10,6.200,1,2,1,3,False,False,UNKNOWN,STAY,1
10,6.400,1,2,1,3,False,False,UNKNOWN,STAY,1
10,6.600,1,2,1,3,False,False,UNKNOWN,STAY,1
10,6.800,1,2,1,3,False,False,UNKNOWN,STAY,1
10,7.000,1,2,1,3,False,False,UNKNOWN,UP,1
10,7.200,1,2,1,3,False,False,UNKNOWN,STAY,1
10,7.400,1,2,1,3,False,False,UNKNOWN,STAY,1
10,7.600,1,2,1,3,False,False,UNKNOWN,STAY,1
10,7.800,1,2,1,3,False,False,UNKNOWN,STAY,1
10,8.000,1,2,1,3,False,False,UNKNOWN,UP,1
10,8.200,1,2,1,3,False,False,UNKNOWN,STAY,1
10,8.400,1,2,1,3,False,False,UNKNOWN,STAY,1
10,8.600,1,2,1,3,False,False,UNKNOWN,STAY,1
10,8.800,1,2,1,3,False,False,UNKNOWN,RIGHT,1
10,9.000,1,2,1,3,False,False,UNKNOWN,STAY,1
10,9.200,1,2,1,3,False,False,UNKNOWN,STAY,1
10,9.400,1,2,1,3,False,False,UNKNOWN,STAY,1
10,9.600,1,1,1,3,False,False,UNKNOWN,STAY,1
10,9.800,1,1,1,3,False,False,UNKNOWN,STAY,1
10,10.000,1,1,1,3,False,False,UNKNOWN,STAY,1
10,10.200,1,1,1,3,False,False,UNKNOWN,STAY,1
10,10.400,1,1,1,3,False,False,UNKNOWN,RIGHT,1
10,10.600,1,1,1,3,False,True,UNKNOWN,STAY,1
10,10.800,1,1,1,3,False,True,UNKNOWN,STAY,1
10,11.000,1,1,1,3,False,True,UNKNOWN,STAY,1
10,11.200,1,1,1,3,False,True,UNKNOWN,STAY,1
10,11.400,1,1,1,3,False,True,UNKNOWN,DOWN,1
10,11.600,1,1,2,3,False,True,UNKNOWN,STAY,1
10,11.800,1,2,2,3,False,True,UNKNOWN,STAY,1
10,12.000,1,3,2,3,False,True,UP,DOWN,1
10,12.200,1,3,3,3,False,True,UNKNOWN,STAY,1
10,12.400,1,3,3,3,False,True,DOWN,STAY,1
10,12.600,1,3,3,3,False,True,UP,STAY,1
10,12.800,1,3,3,3,False,True,UNKNOWN,STAY,1
10,13.000,2,3,3,3,False,True,UNKNOWN,LEFT,1
10,13.200,3,3,3,2,False,True,UNKNOWN,STAY,1
10,13.400,3,3,3,2,False,True,UNKNOWN,STAY,1
10,13.600,3,3,3,2,False,True,UNKNOWN,STAY,1
10,13.800,3,3,3,2,False,True,UNKNOWN,STAY,1
10,14.000,3,3,3,2,False,True,UNKNOWN,DOWN,1
10,14.200,3,3,3,2,False,False,UP,STAY,2
10,14.400,2,3,3,2,False,False,UP,STAY,2
10,14.600,1,3,3,2,False,False,UNKNOWN,STAY,2
10,14.800,1,3,3,2,False,False,UNKNOWN,STAY,2
10,15.000,1,3,3,2,True,False,UNKNOWN,STAY,2
10,15.200,2,3,3,2,True,False,UNKNOWN,STAY,2
10,15.400,3,3,3,2,True,False,UNKNOWN,LEFT,2
10,15.600,3,2,3,1,True,False,UNKNOWN,STAY,2
10,15.800,3,2,3,1,False,False,UNKNOWN,STAY,3
10,16.000,3,2,3,1,False,False,UNKNOWN,STAY,3
10,16.200,3,2,3,1,False,False,DOWN,STAY,3
10,16.400,3,2,3,1,False,False,UNKNOWN,DOWN,3
10,16.600,3,2,3,1,False,False,DOWN,STAY,3
10,16.800,3,2,3,1,False,False,DOWN,STAY,3
10,17.000,3,2,3,1,False,False,DOWN,STAY,3
10,17.200,3,2,3,1,False,False,DOWN,STAY,3
10,17.401,3,2,3,1,False,False,DOWN,UP,3
10,17.601,3,1,2,1,False,False,DOWN,STAY,3
10,17.799,3,1,2,1,False,False,UNKNOWN,STAY,3
10,18.018,3,2,2,1,False,False,UNKNOWN,STAY,3
10,18.218,3,3,2,1,False,False,UNKNOWN,UP,3
10,18.418,2,3,1,1,False,False,UNKNOWN,STAY,3
10,18.618,1,3,1,1,False,False,UNKNOWN,STAY,3
10,18.818,1,3,1,1,False,False,UNKNOWN,STAY,3
10,19.018,1,3,1,1,False,False,DOWN,STAY,3
10,19.218,1,3,1,1,False,False,UP,STAY,3
10,19.418,1,3,1,1,False,False,UNKNOWN,STAY,3
10,19.618,1,3,1,1,True,False,UNKNOWN,STAY,3
10,19.818,2,3,1,1,True,False,UNKNOWN,STAY,3
10,20.018,3,3,1,1,True,False,UNKNOWN,STAY,3
10,20.218,3,2,1,1,True,False,UNKNOWN,STAY,3
10,20.418,3,2,1,1,False,False,DOWN,RIGHT,4
10,20.618,3,1,1,2,False,False,DOWN,STAY,4
10,20.818,3,1,1,2,False,False,UNKNOWN,STAY,4
10,21.018,2,1,1,2,False,False,UNKNOWN,RIGHT,4
10,21.218,1,1,1,3,False,False,UNKNOWN,STAY,4
10,21.418,1,2,1,3,False,False,UNKNOWN,STAY,4
10,21.618,1,2,1,3,False,False,UNKNOWN,STAY,4
10,21.818,1,2,1,3,False,False,UNKNOWN,STAY,4
10,22.018,1,2,1,3,False,False,UNKNOWN,STAY,4
10,22.218,1,2,1,3,False,False,UNKNOWN,STAY,4
10,22.440,1,2,1,3,False,False,DOWN,UP,4
10,22.640,1,2,1,3,False,False,UNKNOWN,STAY,4
10,22.840,1,2,1,3,False,False,DOWN,STAY,4
10,23.040,1,2,1,3,False,False,UNKNOWN,STAY,4
10,23.240,1,2,1,3,False,False,UNKNOWN,STAY,4
10,23.440,1,2,1,3,False,False,UNKNOWN,UP,4
10,23.640,1,2,1,3,False,False,UNKNOWN,STAY,4
10,23.840,1,2,1,3,False,False,UNKNOWN,STAY,4
10,24.040,1,2,1,3,False,False,UNKNOWN,STAY,4
10,24.240,1,2,1,3,False,False,UNKNOWN,STAY,4
10,24.440,1,2,1,3,False,False,UNKNOWN,STAY,4
10,24.640,1,2,1,3,False,False,UNKNOWN,STAY,4
10,24.840,1,2,1,3,False,False,UNKNOWN,STAY,4
10,25.040,1,2,1,3,False,False,UNKNOWN,STAY,4
10,25.240,1,2,1,3,False,False,UNKNOWN,DOWN,4
10,25.440,1,3,2,3,False,False,UNKNOWN,STAY,4
10,25.640,1,3,2,3,False,False,UNKNOWN,STAY,4
10,25.840,1,3,2,3,False,False,UNKNOWN,STAY,4
10,26.040,1,3,2,3,False,False,UNKNOWN,STAY,4
10,26.240,1,3,2,3,False,False,UNKNOWN,STAY,4
10,26.440,1,3,2,3,False,False,UNKNOWN,STAY,4
10,26.640,1,3,2,3,False,False,UNKNOWN,STAY,4
10,26.840,1,3,2,3,False,False,UNKNOWN,STAY,4
10,27.040,1,3,2,3,False,False,UNKNOWN,STAY,4
10,27.240,1,3,2,3,False,False,UNKNOWN,STAY,4
10,27.440,1,3,2,3,False,False,UNKNOWN,STAY,4
10,27.640,1,3,2,3,False,False,DOWN,DOWN,4
10,27.840,1,3,3,3,False,False,UNKNOWN,STAY,4
10,28.040,1,3,3,3,False,False,UNKNOWN,STAY,4
10,28.240,1,3,3,3,False,False,UNKNOWN,STAY,4
10,28.440,1,3,3,3,False,False,UNKNOWN,STAY,4
10,28.640,1,3,3,3,False,False,UNKNOWN,STAY,4
10,28.840,1,3,3,3,False,False,UNKNOWN,DOWN,4
10,29.040,1,3,3,3,False,False,UNKNOWN,STAY,4
10,29.240,1,3,3,3,False,False,UNKNOWN,LEFT,4
10,29.440,1,3,3,2,False,False,UNKNOWN,STAY,4
10,29.640,1,3,3,2,False,False,UNKNOWN,LEFT,4
10,29.841,1,3,3,1,False,False,UNKNOWN,STAY,4
10,30.041,1,3,3,1,False,False,UNKNOWN,STAY,4
10,30.241,1,3,3,1,False,False,UNKNOWN,LEFT,4
10,30.441,1,3,3,1,False,False,UNKNOWN,STAY,4
10,30.641,1,3,3,1,False,False,UNKNOWN,STAY,4
10,30.841,1,3,3,1,False,False,UNKNOWN,LEFT,4
10,31.041,1,3,3,1,False,False,UNKNOWN,STAY,4
10,31.241,1,3,3,1,False,False,UNKNOWN,STAY,4
10,31.441,1,3,3,1,False,False,UNKNOWN,STAY,4
10,31.641,1,3,3,1,False,False,UNKNOWN,STAY,4
10,31.841,1,3,3,1,False,False,DOWN,STAY,4
10,32.041,1,3,3,1,False,False,UNKNOWN,STAY,4
10,32.241,1,3,3,1,False,False,UNKNOWN,UP,4
10,32.441,1,3,2,1,False,False,UNKNOWN,STAY,4
10,32.641,1,3,2,1,False,False,UNKNOWN,UP,4
10,32.841,1,3,1,1,False,False,UNKNOWN,STAY,4
10,33.041,1,3,1,1,False,False,UNKNOWN,STAY,4
10,33.241,1,3,1,1,False,False,DOWN,STAY,4
10,33.441,1,3,1,1,False,False,UNKNOWN,UP,4
10,33.641,1,3,1,1,False,False,UNKNOWN,STAY,4
10,33.841,1,3,1,1,False,False,UNKNOWN,RIGHT,4
10,34.041,1,3,1,2,False,False,UNKNOWN,STAY,4
10,34.241,1,3,1,2,False,False,UNKNOWN,RIGHT,4
10,34.441,1,3,1,2,False,False,UNKNOWN,STAY,4
10,34.641,1,3,1,2,False,False,UNKNOWN,STAY,4
10,34.841,1,3,1,2,False,False,UNKNOWN,STAY,4
10,35.041,1,3,1,2,False,False,UNKNOWN,STAY,4
10,35.241,1,3,1,2,False,False,UNKNOWN,STAY,4
10,35.441,1,3,1,2,False,False,UNKNOWN,STAY,4
10,35.641,1,3,1,2,False,False,UNKNOWN,STAY,4
10,35.841,1,3,1,2,False,False,UNKNOWN,LEFT,4
10,36.041,1,3,1,1,False,False,UNKNOWN,STAY,4
10,36.241,1,3,1,1,False,False,UNKNOWN,STAY,4
10,36.441,1,3,1,1,False,False,UNKNOWN,LEFT,4
10,36.641,1,3,1,1,False,False,UNKNOWN,STAY,4
10,36.841,1,3,1,1,False,False,UNKNOWN,STAY,4
10,37.041,1,3,1,1,False,False,UNKNOWN,LEFT,4
10,37.241,1,3,1,1,False,False,DOWN,STAY,4
10,37.441,1,3,1,1,False,False,UNKNOWN,STAY,4
10,37.641,1,3,1,1,False,False,UNKNOWN,STAY,4
10,37.841,1,3,1,1,False,False,DOWN,RIGHT,4
10,38.041,1,3,1,2,False,False,UNKNOWN,STAY,4
10,38.241,1,3,1,2,False,False,UNKNOWN,RIGHT,4
10,38.441,1,3,1,2,False,False,UNKNOWN,STAY,4
10,38.641,1,3,1,2,False,False,UNKNOWN,RIGHT,4
10,38.841,1,3,1,2,False,False,UNKNOWN,RIGHT,4
10,39.041,1,3,1,2,False,False,UNKNOWN,RIGHT,4
10,39.241,1,3,1,2,False,False,UNKNOWN,STAY,4
10,39.441,1,3,1,2,False,False,DOWN,STAY,4
10,39.641,1,3,1,2,False,False,UNKNOWN,STAY,4
10,39.841,1,3,1,2,False,False,UNKNOWN,DOWN,4
10,40.041,1,3,1,2,False,False,UNKNOWN,DOWN,4
10,40.241,1,3,1,2,False,False,UNKNOWN,DOWN,4
10,40.441,1,3,1,2,False,False,UNKNOWN,STAY,4
10,40.641,1,3,1,2,False,False,UNKNOWN,STAY,4
10,40.841,1,3,1,2,False,False,UNKNOWN,LEFT,4
10,41.041,1,3,1,1,False,False,UNKNOWN,LEFT,4
10,41.241,1,3,1,1,False,False,UNKNOWN,STAY,4
10,41.441,1,3,1,1,False,False,UNKNOWN,STAY,4
10,41.641,1,3,1,1,False,False,DOWN,STAY,4
10,41.841,1,3,1,1,False,False,UNKNOWN,RIGHT,4
10,42.041,1,3,1,2,False,False,UNKNOWN,STAY,4
10,42.241,1,3,1,2,False,False,UNKNOWN,STAY,4
10,42.441,1,3,1,2,False,False,UNKNOWN,DOWN,4
10,42.641,1,3,1,2,False,False,UNKNOWN,STAY,4
10,42.841,1,3,1,2,False,False,UNKNOWN,LEFT,4
10,43.041,1,3,1,1,False,False,UNKNOWN,STAY,4
10,43.241,1,3,1,1,False,False,UNKNOWN,STAY,4
10,43.441,1,3,1,1,False,False,UNKNOWN,STAY,4
10,43.641,1,3,1,1,False,False,UNKNOWN,RIGHT,4
10,43.841,1,3,1,2,False,False,UNKNOWN,STAY,4
10,44.041,1,3,1,2,False,False,UNKNOWN,STAY,4
10,44.241,1,3,1,2,False,False,DOWN,STAY,4
10,44.441,1,3,1,2,False,False,UNKNOWN,STAY,4
10,44.641,1,3,1,2,False,False,UNKNOWN,STAY,4
10,44.841,1,3,1,2,False,False,UNKNOWN,STAY,4
